Page,Date,Pageviews,Unique Pageviews,Avg. Time on Page,Entrances,Bounce Rate,% Exit,Page Value
www.usfca.edu/arts-sciences/undergraduate-programs/media-studies,20171130,44,37,36.57,14,42.86%,20.45%,0.00
www.usfca.edu/arts-sciences/undergraduate-programs/media-studies,20171129,49,34,67.14,8,12.50%,14.29%,0.00
www.usfca.edu/arts-sciences/undergraduate-programs/media-studies,20171128,43,32,36.25,5,40.00%,16.28%,0.00
www.usfca.edu/arts-sciences/undergraduate-programs/media-studies,20171127,25,24,56.94,7,71.43%,32.00%,0.00
www.usfca.edu/arts-sciences/undergraduate-programs/media-studies,20171126,43,34,110.46,14,57.14%,34.88%,0.00
www.usfca.edu/arts-sciences/undergraduate-programs/media-studies,20171125,33,24,88.96,8,50.00%,21.21%,0.00
www.usfca.edu/arts-sciences/undergraduate-programs/media-studies,20171124,19,16,27.54,9,66.67%,31.58%,0.00
www.usfca.edu/arts-sciences/undergraduate-programs/media-studies,20171123,7,7,187.33,1,0.00%,14.29%,0.00
www.usfca.edu/arts-sciences/undergraduate-programs/media-studies,20171122,23,18,21.41,7,28.57%,26.09%,0.00
www.usfca.edu/arts-sciences/undergraduate-programs/media-studies,20171121,36,26,25.00,14,20.00%,22.22%,0.00
www.usfca.edu/arts-sciences/undergraduate-programs/media-studies,20171120,41,34,31.73,12,58.33%,26.83%,0.00
www.usfca.edu/arts-sciences/undergraduate-programs/media-studies,20171119,22,15,29.72,2,50.00%,18.18%,0.00
www.usfca.edu/arts-sciences/undergraduate-programs/media-studies,20171118,14,9,21.82,1,100.00%,21.43%,0.00
www.usfca.edu/arts-sciences/undergraduate-programs/media-studies,20171117,30,23,17.50,8,62.50%,26.67%,0.00
www.usfca.edu/arts-sciences/undergraduate-programs/media-studies,20171116,71,49,65.50,24,41.67%,21.13%,0.00
www.usfca.edu/arts-sciences/undergraduate-programs/media-studies,20171115,58,39,41.98,11,18.18%,18.97%,0.00
www.usfca.edu/arts-sciences/undergraduate-programs/media-studies,20171114,70,55,63.40,21,23.81%,18.57%,0.00
www.usfca.edu/arts-sciences/undergraduate-programs/media-studies,20171113,62,51,77.16,18,33.33%,19.35%,0.00
www.usfca.edu/arts-sciences/undergraduate-programs/media-studies,20171112,32,29,51.91,8,37.50%,28.13%,0.00
www.usfca.edu/arts-sciences/undergraduate-programs/media-studies,20171111,20,17,42.50,5,60.00%,30.00%,0.00
www.usfca.edu/arts-sciences/undergraduate-programs/media-studies,20171110,52,39,93.61,12,33.33%,26.92%,0.00
www.usfca.edu/arts-sciences/undergraduate-programs/media-studies,20171109,48,35,43.31,16,37.50%,18.75%,0.00
www.usfca.edu/arts-sciences/undergraduate-programs/media-studies,20171108,54,46,64.39,23,39.13%,24.07%,0.00
www.usfca.edu/arts-sciences/undergraduate-programs/media-studies,20171107,65,47,45.19,11,27.27%,9.23%,0.00
www.usfca.edu/arts-sciences/undergraduate-programs/media-studies,20171106,31,27,21.30,9,33.33%,25.81%,0.00
www.usfca.edu/arts-sciences/undergraduate-programs/media-studies,20171105,37,27,37.77,5,60.00%,16.22%,0.00
www.usfca.edu/arts-sciences/undergraduate-programs/media-studies,20171104,26,22,47.50,5,60.00%,23.08%,0.00
www.usfca.edu/arts-sciences/undergraduate-programs/media-studies,20171103,29,25,17.84,5,20.00%,13.79%,0.00
www.usfca.edu/arts-sciences/undergraduate-programs/media-studies,20171102,49,41,56.00,16,25.00%,16.33%,0.00
www.usfca.edu/arts-sciences/undergraduate-programs/media-studies,20171101,68,47,29.25,10,30.00%,11.76%,0.00
www.usfca.edu/arts-sciences/undergraduate-programs/media-studies,20171031,73,47,47.66,13,15.38%,15.07%,0.00
www.usfca.edu/arts-sciences/undergraduate-programs/media-studies,20171030,63,44,24.64,7,57.14%,25.40%,0.00
www.usfca.edu/arts-sciences/undergraduate-programs/media-studies,20171029,44,30,47.37,10,40.00%,20.45%,0.00
www.usfca.edu/arts-sciences/undergraduate-programs/media-studies,20171028,31,24,39.88,3,0.00%,19.35%,0.00
www.usfca.edu/arts-sciences/undergraduate-programs/media-studies,20171027,45,29,85.79,6,16.67%,15.56%,0.00
www.usfca.edu/arts-sciences/undergraduate-programs/media-studies,20171026,56,41,62.33,9,44.44%,14.29%,0.00
www.usfca.edu/arts-sciences/undergraduate-programs/media-studies,20171025,65,49,32.00,12,41.67%,27.69%,0.00
www.usfca.edu/arts-sciences/undergraduate-programs/media-studies,20171024,64,52,34.16,12,25.00%,12.50%,0.00
www.usfca.edu/arts-sciences/undergraduate-programs/media-studies,20171023,43,38,45.97,11,27.27%,23.26%,0.00
www.usfca.edu/arts-sciences/undergraduate-programs/media-studies,20171022,41,35,42.39,8,37.50%,19.51%,0.00
www.usfca.edu/arts-sciences/undergraduate-programs/media-studies,20171021,37,27,18.53,6,33.33%,18.92%,0.00
www.usfca.edu/arts-sciences/undergraduate-programs/media-studies,20171020,47,37,24.49,9,62.50%,17.02%,0.00
www.usfca.edu/arts-sciences/undergraduate-programs/media-studies,20171019,62,43,70.15,10,10.00%,14.52%,0.00
www.usfca.edu/arts-sciences/undergraduate-programs/media-studies,20171018,58,38,22.13,11,18.18%,17.24%,0.00
www.usfca.edu/arts-sciences/undergraduate-programs/media-studies,20171017,47,26,24.12,2,0.00%,10.64%,0.00
www.usfca.edu/arts-sciences/undergraduate-programs/media-studies,20171016,45,30,31.53,7,57.14%,20.00%,0.00
www.usfca.edu/arts-sciences/undergraduate-programs/media-studies,20171015,33,24,73.29,6,66.67%,15.15%,0.00
www.usfca.edu/arts-sciences/undergraduate-programs/media-studies,20171014,37,29,34.07,5,80.00%,21.62%,0.00
www.usfca.edu/arts-sciences/undergraduate-programs/media-studies,20171013,32,23,23.28,5,40.00%,9.38%,0.00
www.usfca.edu/arts-sciences/undergraduate-programs/media-studies,20171012,38,34,109.45,10,30.00%,18.42%,0.00
www.usfca.edu/arts-sciences/undergraduate-programs/media-studies,20171011,48,39,37.31,4,50.00%,12.50%,0.00
www.usfca.edu/arts-sciences/undergraduate-programs/media-studies,20171010,58,40,85.57,12,33.33%,12.07%,0.00
www.usfca.edu/arts-sciences/undergraduate-programs/media-studies,20171009,42,32,76.94,3,0.00%,19.05%,0.00
www.usfca.edu/arts-sciences/undergraduate-programs/media-studies,20171008,42,30,74.72,8,12.50%,7.14%,0.00
www.usfca.edu/arts-sciences/undergraduate-programs/media-studies,20171007,34,28,26.38,12,25.00%,14.71%,0.00
www.usfca.edu/arts-sciences/undergraduate-programs/media-studies,20171006,39,27,42.16,9,33.33%,17.95%,0.00
www.usfca.edu/arts-sciences/undergraduate-programs/media-studies,20171005,54,34,17.35,6,33.33%,14.81%,0.00
www.usfca.edu/arts-sciences/undergraduate-programs/media-studies,20171004,50,40,64.17,10,40.00%,16.00%,0.00
www.usfca.edu/arts-sciences/undergraduate-programs/media-studies,20171003,61,46,36.92,7,14.29%,13.11%,0.00
www.usfca.edu/arts-sciences/undergraduate-programs/media-studies,20171002,48,37,23.70,8,50.00%,16.67%,0.00
www.usfca.edu/arts-sciences/undergraduate-programs/media-studies,20171001,42,37,69.91,10,20.00%,19.05%,0.00
www.usfca.edu/arts-sciences/undergraduate-programs/media-studies,20170930,35,25,22.46,5,20.00%,20.00%,0.00
www.usfca.edu/arts-sciences/undergraduate-programs/media-studies,20170929,35,28,68.50,6,50.00%,14.29%,0.00
www.usfca.edu/arts-sciences/undergraduate-programs/media-studies,20170928,39,29,35.20,4,50.00%,23.08%,0.00
www.usfca.edu/arts-sciences/undergraduate-programs/media-studies,20170927,66,49,38.38,11,36.36%,16.67%,0.00
www.usfca.edu/arts-sciences/undergraduate-programs/media-studies,20170926,53,45,54.23,9,44.44%,18.87%,0.00
www.usfca.edu/arts-sciences/undergraduate-programs/media-studies,20170925,52,36,16.51,14,50.00%,32.69%,0.00
www.usfca.edu/arts-sciences/undergraduate-programs/media-studies,20170924,24,21,25.89,3,100.00%,20.83%,0.00
www.usfca.edu/arts-sciences/undergraduate-programs/media-studies,20170923,37,27,43.97,3,66.67%,16.22%,0.00
www.usfca.edu/arts-sciences/undergraduate-programs/media-studies,20170922,30,27,24.00,6,66.67%,30.00%,0.00
www.usfca.edu/arts-sciences/undergraduate-programs/media-studies,20170921,57,42,38.04,9,22.22%,14.04%,0.00
www.usfca.edu/arts-sciences/undergraduate-programs/media-studies,20170920,49,40,49.12,4,50.00%,14.29%,0.00
www.usfca.edu/arts-sciences/undergraduate-programs/media-studies,20170919,35,28,23.26,8,37.50%,22.86%,0.00
www.usfca.edu/arts-sciences/undergraduate-programs/media-studies,20170918,50,42,47.19,10,30.00%,16.00%,0.00
www.usfca.edu/arts-sciences/undergraduate-programs/media-studies,20170917,29,25,37.67,7,28.57%,27.59%,0.00
www.usfca.edu/arts-sciences/undergraduate-programs/media-studies,20170916,15,13,36.17,4,0.00%,20.00%,0.00
www.usfca.edu/arts-sciences/undergraduate-programs/media-studies,20170915,23,17,27.72,5,40.00%,21.74%,0.00
www.usfca.edu/arts-sciences/undergraduate-programs/media-studies,20170914,52,39,54.12,10,40.00%,19.23%,0.00
www.usfca.edu/arts-sciences/undergraduate-programs/media-studies,20170913,53,41,65.55,13,38.46%,16.98%,0.00
www.usfca.edu/arts-sciences/undergraduate-programs/media-studies,20170912,63,46,19.84,15,46.67%,20.63%,0.00
www.usfca.edu/arts-sciences/undergraduate-programs/media-studies,20170911,44,30,44.27,6,33.33%,15.91%,0.00
www.usfca.edu/arts-sciences/undergraduate-programs/media-studies,20170910,33,27,70.52,5,20.00%,24.24%,0.00
www.usfca.edu/arts-sciences/undergraduate-programs/media-studies,20170909,31,25,34.15,9,22.22%,16.13%,0.00
www.usfca.edu/arts-sciences/undergraduate-programs/media-studies,20170908,38,29,31.19,4,50.00%,18.42%,0.00
www.usfca.edu/arts-sciences/undergraduate-programs/media-studies,20170907,45,34,43.42,13,61.54%,26.67%,0.00
www.usfca.edu/arts-sciences/undergraduate-programs/media-studies,20170906,44,36,24.05,14,21.43%,13.64%,0.00
www.usfca.edu/arts-sciences/undergraduate-programs/media-studies,20170905,54,40,31.31,12,25.00%,16.67%,0.00
www.usfca.edu/arts-sciences/undergraduate-programs/media-studies,20170904,49,38,43.93,12,16.67%,12.24%,0.00
www.usfca.edu/arts-sciences/undergraduate-programs/media-studies,20170903,28,20,88.70,5,40.00%,17.86%,0.00
www.usfca.edu/arts-sciences/undergraduate-programs/media-studies,20170902,19,14,46.94,4,0.00%,15.79%,0.00
www.usfca.edu/arts-sciences/undergraduate-programs/media-studies,20170901,30,24,31.67,11,72.73%,40.00%,0.00
www.usfca.edu/arts-sciences/undergraduate-programs/media-studies,20170831,42,33,51.39,11,36.36%,26.19%,0.00
www.usfca.edu/arts-sciences/undergraduate-programs/media-studies,20170830,63,49,65.57,15,33.33%,22.22%,0.00
www.usfca.edu/arts-sciences/undergraduate-programs/media-studies,20170829,48,30,20.55,9,44.44%,20.83%,0.00
www.usfca.edu/arts-sciences/undergraduate-programs/media-studies,20170828,39,32,93.60,9,22.22%,23.08%,0.00
www.usfca.edu/arts-sciences/undergraduate-programs/media-studies,20170827,31,24,57.65,10,70.00%,35.48%,0.00
www.usfca.edu/arts-sciences/undergraduate-programs/media-studies,20170826,20,17,114.25,4,25.00%,20.00%,0.00
www.usfca.edu/arts-sciences/undergraduate-programs/media-studies,20170825,40,25,37.75,5,0.00%,10.00%,0.00
www.usfca.edu/arts-sciences/undergraduate-programs/media-studies,20170824,29,25,55.10,12,50.00%,27.59%,0.00
www.usfca.edu/arts-sciences/undergraduate-programs/media-studies,20170823,51,41,63.16,7,42.86%,15.69%,0.00
www.usfca.edu/arts-sciences/undergraduate-programs/media-studies,20170822,45,40,90.97,14,42.86%,24.44%,0.00
www.usfca.edu/arts-sciences/undergraduate-programs/media-studies,20170821,39,29,19.77,8,62.50%,33.33%,0.00
www.usfca.edu/arts-sciences/undergraduate-programs/media-studies,20170820,39,28,60.50,8,25.00%,12.82%,0.00
www.usfca.edu/arts-sciences/undergraduate-programs/media-studies,20170819,32,21,59.33,7,14.29%,15.63%,0.00
www.usfca.edu/arts-sciences/undergraduate-programs/media-studies,20170818,32,22,27.74,5,40.00%,15.63%,0.00
www.usfca.edu/arts-sciences/undergraduate-programs/media-studies,20170817,34,23,43.52,11,36.36%,14.71%,0.00
www.usfca.edu/arts-sciences/undergraduate-programs/media-studies,20170816,42,29,82.24,9,44.44%,21.43%,0.00
www.usfca.edu/arts-sciences/undergraduate-programs/media-studies,20170815,31,23,21.36,6,83.33%,19.35%,0.00
www.usfca.edu/arts-sciences/undergraduate-programs/media-studies,20170814,32,23,34.89,6,50.00%,15.63%,0.00
www.usfca.edu/arts-sciences/undergraduate-programs/media-studies,20170813,22,18,25.59,7,28.57%,22.73%,0.00
www.usfca.edu/arts-sciences/undergraduate-programs/media-studies,20170812,31,23,54.50,6,83.33%,22.58%,0.00
www.usfca.edu/arts-sciences/undergraduate-programs/media-studies,20170811,26,21,84.90,9,33.33%,19.23%,0.00
www.usfca.edu/arts-sciences/undergraduate-programs/media-studies,20170810,26,21,49.59,4,75.00%,34.62%,0.00
www.usfca.edu/arts-sciences/undergraduate-programs/media-studies,20170809,29,18,60.63,7,14.29%,17.24%,0.00
www.usfca.edu/arts-sciences/undergraduate-programs/media-studies,20170808,29,24,43.25,6,33.33%,31.03%,0.00
www.usfca.edu/arts-sciences/undergraduate-programs/media-studies,20170807,30,23,68.08,4,25.00%,20.00%,0.00
www.usfca.edu/arts-sciences/undergraduate-programs/media-studies,20170806,30,24,48.75,9,33.33%,20.00%,0.00
www.usfca.edu/arts-sciences/undergraduate-programs/media-studies,20170805,42,20,16.51,5,0.00%,11.90%,0.00
www.usfca.edu/arts-sciences/undergraduate-programs/media-studies,20170804,20,17,56.06,6,66.67%,20.00%,0.00
www.usfca.edu/arts-sciences/undergraduate-programs/media-studies,20170803,40,31,56.97,8,37.50%,17.50%,0.00
www.usfca.edu/arts-sciences/undergraduate-programs/media-studies,20170802,29,25,60.55,9,55.56%,31.03%,0.00
www.usfca.edu/arts-sciences/undergraduate-programs/media-studies,20170801,41,34,32.03,10,40.00%,29.27%,0.00
www.usfca.edu/arts-sciences/undergraduate-programs/media-studies,20170731,33,22,44.10,10,10.00%,6.06%,0.00
www.usfca.edu/arts-sciences/undergraduate-programs/media-studies,20170730,23,17,97.44,9,33.33%,21.74%,0.00
www.usfca.edu/arts-sciences/undergraduate-programs/media-studies,20170729,12,8,16.33,3,66.67%,25.00%,0.00
www.usfca.edu/arts-sciences/undergraduate-programs/media-studies,20170728,22,16,59.29,2,0.00%,4.55%,0.00
www.usfca.edu/arts-sciences/undergraduate-programs/media-studies,20170727,34,25,80.27,10,40.00%,23.53%,0.00
www.usfca.edu/arts-sciences/undergraduate-programs/media-studies,20170726,20,14,157.20,4,25.00%,25.00%,0.00
www.usfca.edu/arts-sciences/undergraduate-programs/media-studies,20170725,40,31,81.67,9,55.56%,25.00%,0.00
www.usfca.edu/arts-sciences/undergraduate-programs/media-studies,20170724,31,24,20.05,8,37.50%,29.03%,0.00
www.usfca.edu/arts-sciences/undergraduate-programs/media-studies,20170723,16,11,15.17,2,100.00%,25.00%,0.00
www.usfca.edu/arts-sciences/undergraduate-programs/media-studies,20170722,30,23,121.21,6,16.67%,20.00%,0.00
www.usfca.edu/arts-sciences/undergraduate-programs/media-studies,20170721,39,30,25.41,11,36.36%,25.64%,0.00
www.usfca.edu/arts-sciences/undergraduate-programs/media-studies,20170720,38,28,36.72,6,33.33%,15.79%,0.00
www.usfca.edu/arts-sciences/undergraduate-programs/media-studies,20170719,21,15,205.53,5,20.00%,19.05%,0.00
www.usfca.edu/arts-sciences/undergraduate-programs/media-studies,20170718,47,39,41.44,15,53.33%,31.91%,0.00
www.usfca.edu/arts-sciences/undergraduate-programs/media-studies,20170717,28,24,37.30,7,57.14%,28.57%,0.00
www.usfca.edu/arts-sciences/undergraduate-programs/media-studies,20170716,23,19,56.14,11,45.45%,39.13%,0.00
www.usfca.edu/arts-sciences/undergraduate-programs/media-studies,20170715,19,18,79.54,1,0.00%,31.58%,0.00
www.usfca.edu/arts-sciences/undergraduate-programs/media-studies,20170714,27,18,25.40,11,0.00%,7.41%,0.00
www.usfca.edu/arts-sciences/undergraduate-programs/media-studies,20170713,43,29,42.98,1,100.00%,6.98%,0.00
www.usfca.edu/arts-sciences/undergraduate-programs/media-studies,20170712,24,17,75.82,4,25.00%,8.33%,0.00
www.usfca.edu/arts-sciences/undergraduate-programs/media-studies,20170711,29,25,90.73,12,41.67%,24.14%,0.00
www.usfca.edu/arts-sciences/undergraduate-programs/media-studies,20170710,28,23,73.41,6,50.00%,21.43%,0.00
www.usfca.edu/arts-sciences/undergraduate-programs/media-studies,20170709,25,16,66.95,3,0.00%,12.00%,0.00
www.usfca.edu/arts-sciences/undergraduate-programs/media-studies,20170708,26,22,73.95,7,57.14%,23.08%,0.00
www.usfca.edu/arts-sciences/undergraduate-programs/media-studies,20170707,32,21,62.67,9,44.44%,15.63%,0.00
www.usfca.edu/arts-sciences/undergraduate-programs/media-studies,20170706,32,26,30.12,8,37.50%,21.88%,0.00
www.usfca.edu/arts-sciences/undergraduate-programs/media-studies,20170705,30,24,25.27,7,57.14%,26.67%,0.00
www.usfca.edu/arts-sciences/undergraduate-programs/media-studies,20170704,16,12,37.15,2,50.00%,18.75%,0.00
www.usfca.edu/arts-sciences/undergraduate-programs/media-studies,20170703,14,14,29.80,7,57.14%,28.57%,0.00
www.usfca.edu/arts-sciences/undergraduate-programs/media-studies,20170702,12,10,34.50,3,33.33%,16.67%,0.00
www.usfca.edu/arts-sciences/undergraduate-programs/media-studies,20170701,10,8,21.63,2,50.00%,20.00%,0.00
www.usfca.edu/arts-sciences/undergraduate-programs/media-studies,20170630,24,20,30.79,7,28.57%,20.83%,0.00
www.usfca.edu/arts-sciences/undergraduate-programs/media-studies,20170629,22,19,67.43,7,85.71%,36.36%,0.00
www.usfca.edu/arts-sciences/undergraduate-programs/media-studies,20170628,47,28,47.69,10,50.00%,17.02%,0.00
www.usfca.edu/arts-sciences/undergraduate-programs/media-studies,20170627,27,25,153.00,9,77.78%,44.44%,0.00
www.usfca.edu/arts-sciences/undergraduate-programs/media-studies,20170626,31,27,54.19,8,50.00%,32.26%,0.00
www.usfca.edu/arts-sciences/undergraduate-programs/media-studies,20170625,7,7,22.80,2,100.00%,28.57%,0.00
www.usfca.edu/arts-sciences/undergraduate-programs/media-studies,20170624,15,10,97.82,3,0.00%,26.67%,0.00
www.usfca.edu/arts-sciences/undergraduate-programs/media-studies,20170623,9,8,44.88,3,33.33%,11.11%,0.00
www.usfca.edu/arts-sciences/undergraduate-programs/media-studies,20170622,22,16,61.18,5,20.00%,22.73%,0.00
www.usfca.edu/arts-sciences/undergraduate-programs/media-studies,20170621,30,26,36.55,8,37.50%,26.67%,0.00
www.usfca.edu/arts-sciences/undergraduate-programs/media-studies,20170620,33,21,61.88,11,27.27%,21.21%,0.00
www.usfca.edu/arts-sciences/undergraduate-programs/media-studies,20170619,20,14,45.00,1,0.00%,0.00%,0.00
www.usfca.edu/arts-sciences/undergraduate-programs/media-studies,20170618,28,22,59.90,9,55.56%,25.00%,0.00
www.usfca.edu/arts-sciences/undergraduate-programs/media-studies,20170617,19,18,91.91,4,100.00%,42.11%,0.00
www.usfca.edu/arts-sciences/undergraduate-programs/media-studies,20170616,20,16,39.23,4,75.00%,35.00%,0.00
www.usfca.edu/arts-sciences/undergraduate-programs/media-studies,20170615,12,9,55.56,4,25.00%,25.00%,0.00
www.usfca.edu/arts-sciences/undergraduate-programs/media-studies,20170614,27,24,73.14,7,28.57%,18.52%,0.00
www.usfca.edu/arts-sciences/undergraduate-programs/media-studies,20170613,28,24,50.83,10,40.00%,17.86%,0.00
www.usfca.edu/arts-sciences/undergraduate-programs/media-studies,20170612,17,16,91.31,5,20.00%,23.53%,0.00
www.usfca.edu/arts-sciences/undergraduate-programs/media-studies,20170611,18,15,63.24,3,0.00%,5.56%,0.00
www.usfca.edu/arts-sciences/undergraduate-programs/media-studies,20170610,17,15,50.25,6,16.67%,29.41%,0.00
www.usfca.edu/arts-sciences/undergraduate-programs/media-studies,20170609,22,19,37.27,6,50.00%,31.82%,0.00
www.usfca.edu/arts-sciences/undergraduate-programs/media-studies,20170608,28,24,29.81,4,75.00%,25.00%,0.00
www.usfca.edu/arts-sciences/undergraduate-programs/media-studies,20170607,28,23,27.10,9,44.44%,25.00%,0.00
www.usfca.edu/arts-sciences/undergraduate-programs/media-studies,20170606,47,35,33.05,14,35.71%,19.15%,0.00
www.usfca.edu/arts-sciences/undergraduate-programs/media-studies,20170605,59,49,69.13,21,28.57%,20.34%,0.00
www.usfca.edu/arts-sciences/undergraduate-programs/media-studies,20170604,24,18,27.30,7,28.57%,16.67%,0.00
www.usfca.edu/arts-sciences/undergraduate-programs/media-studies,20170603,20,17,100.21,6,66.67%,30.00%,0.00
www.usfca.edu/arts-sciences/undergraduate-programs/media-studies,20170602,33,27,39.75,9,33.33%,27.27%,0.00
www.usfca.edu/arts-sciences/undergraduate-programs/media-studies,20170601,42,30,76.24,11,36.36%,21.43%,0.00
www.usfca.edu/arts-sciences/undergraduate-programs/media-studies,20170531,35,24,24.57,4,25.00%,20.00%,0.00
www.usfca.edu/arts-sciences/undergraduate-programs/media-studies,20170530,31,26,50.83,9,33.33%,25.81%,0.00
www.usfca.edu/arts-sciences/undergraduate-programs/media-studies,20170529,18,17,37.14,4,25.00%,22.22%,0.00
www.usfca.edu/arts-sciences/undergraduate-programs/media-studies,20170528,25,18,31.88,7,42.86%,32.00%,0.00
www.usfca.edu/arts-sciences/undergraduate-programs/media-studies,20170527,24,20,49.39,4,50.00%,25.00%,0.00
www.usfca.edu/arts-sciences/undergraduate-programs/media-studies,20170526,21,19,23.71,8,62.50%,33.33%,0.00
www.usfca.edu/arts-sciences/undergraduate-programs/media-studies,20170525,24,18,32.22,11,36.36%,25.00%,0.00
www.usfca.edu/arts-sciences/undergraduate-programs/media-studies,20170524,21,21,34.33,11,81.82%,57.14%,0.00
www.usfca.edu/arts-sciences/undergraduate-programs/media-studies,20170523,28,26,33.50,13,84.62%,50.00%,0.00
www.usfca.edu/arts-sciences/undergraduate-programs/media-studies,20170522,39,36,128.67,17,76.47%,53.85%,0.00
www.usfca.edu/arts-sciences/undergraduate-programs/media-studies,20170521,28,25,59.00,10,90.00%,35.71%,0.00
www.usfca.edu/arts-sciences/undergraduate-programs/media-studies,20170520,20,13,18.15,7,57.14%,35.00%,0.00
www.usfca.edu/arts-sciences/undergraduate-programs/media-studies,20170519,21,19,117.92,12,66.67%,42.86%,0.00
www.usfca.edu/arts-sciences/undergraduate-programs/media-studies,20170518,45,37,31.58,8,87.50%,26.67%,0.00
www.usfca.edu/arts-sciences/undergraduate-programs/media-studies,20170517,19,18,31.38,7,42.86%,31.58%,0.00
www.usfca.edu/arts-sciences/undergraduate-programs/media-studies,20170516,48,36,65.88,7,71.43%,16.67%,0.00
www.usfca.edu/arts-sciences/undergraduate-programs/media-studies,20170515,41,37,54.88,11,36.36%,19.51%,0.00
www.usfca.edu/arts-sciences/undergraduate-programs/media-studies,20170514,26,18,63.22,5,60.00%,30.77%,0.00
www.usfca.edu/arts-sciences/undergraduate-programs/media-studies,20170513,22,16,26.37,4,25.00%,13.64%,0.00
www.usfca.edu/arts-sciences/undergraduate-programs/media-studies,20170512,24,21,103.24,3,66.67%,12.50%,0.00
www.usfca.edu/arts-sciences/undergraduate-programs/media-studies,20170511,21,18,39.75,10,70.00%,42.86%,0.00
www.usfca.edu/arts-sciences/undergraduate-programs/media-studies,20170510,36,30,71.96,13,53.85%,30.56%,0.00
www.usfca.edu/arts-sciences/undergraduate-programs/media-studies,20170509,37,26,83.08,16,50.00%,35.14%,0.00
www.usfca.edu/arts-sciences/undergraduate-programs/media-studies,20170508,32,28,45.00,8,62.50%,25.00%,0.00
www.usfca.edu/arts-sciences/undergraduate-programs/media-studies,20170507,29,18,33.30,6,100.00%,20.69%,0.00
www.usfca.edu/arts-sciences/undergraduate-programs/media-studies,20170506,15,13,237.73,7,42.86%,26.67%,0.00
www.usfca.edu/arts-sciences/undergraduate-programs/media-studies,20170505,36,30,112.00,13,61.54%,36.11%,0.00
www.usfca.edu/arts-sciences/undergraduate-programs/media-studies,20170504,28,23,43.45,5,80.00%,28.57%,0.00
www.usfca.edu/arts-sciences/undergraduate-programs/media-studies,20170503,35,33,39.16,7,71.43%,28.57%,0.00
www.usfca.edu/arts-sciences/undergraduate-programs/media-studies,20170502,52,44,26.79,14,35.71%,26.92%,0.00
www.usfca.edu/arts-sciences/undergraduate-programs/media-studies,20170501,34,31,39.30,8,62.50%,32.35%,0.00
www.usfca.edu/arts-sciences/undergraduate-programs/media-studies,20170430,40,32,139.17,9,22.22%,10.00%,0.00
www.usfca.edu/arts-sciences/undergraduate-programs/media-studies,20170429,37,29,34.11,5,60.00%,27.03%,0.00
www.usfca.edu/arts-sciences/undergraduate-programs/media-studies,20170428,55,46,55.81,15,60.00%,23.64%,0.00
www.usfca.edu/arts-sciences/undergraduate-programs/media-studies,20170427,53,39,113.98,10,30.00%,16.98%,0.00
www.usfca.edu/arts-sciences/undergraduate-programs/media-studies,20170426,46,35,57.92,7,28.57%,19.57%,0.00
www.usfca.edu/arts-sciences/undergraduate-programs/media-studies,20170425,49,37,67.13,12,33.33%,18.37%,0.00
www.usfca.edu/arts-sciences/undergraduate-programs/media-studies,20170424,75,62,39.95,27,40.74%,18.67%,0.00
www.usfca.edu/arts-sciences/undergraduate-programs/media-studies,20170423,31,24,47.30,8,50.00%,25.81%,0.00
www.usfca.edu/arts-sciences/undergraduate-programs/media-studies,20170422,39,31,51.19,12,41.67%,20.51%,0.00
www.usfca.edu/arts-sciences/undergraduate-programs/media-studies,20170421,32,29,17.75,7,57.14%,25.00%,0.00
www.usfca.edu/arts-sciences/undergraduate-programs/media-studies,20170420,49,39,62.55,10,30.00%,10.20%,0.00
www.usfca.edu/arts-sciences/undergraduate-programs/media-studies,20170419,41,35,88.63,14,28.57%,21.95%,0.00
www.usfca.edu/arts-sciences/undergraduate-programs/media-studies,20170418,56,48,55.85,15,53.33%,26.79%,0.00
www.usfca.edu/arts-sciences/undergraduate-programs/media-studies,20170417,37,35,49.85,8,25.00%,29.73%,0.00
www.usfca.edu/arts-sciences/undergraduate-programs/media-studies,20170416,28,23,42.83,6,33.33%,35.71%,0.00
www.usfca.edu/arts-sciences/undergraduate-programs/media-studies,20170415,20,17,47.27,5,80.00%,25.00%,0.00
www.usfca.edu/arts-sciences/undergraduate-programs/media-studies,20170414,19,18,35.69,5,20.00%,15.79%,0.00
www.usfca.edu/arts-sciences/undergraduate-programs/media-studies,20170413,49,34,23.26,12,33.33%,20.41%,0.00
www.usfca.edu/arts-sciences/undergraduate-programs/media-studies,20170412,63,49,75.10,25,32.00%,22.22%,0.00
www.usfca.edu/arts-sciences/undergraduate-programs/media-studies,20170411,56,41,38.52,13,53.85%,21.43%,0.00
www.usfca.edu/arts-sciences/undergraduate-programs/media-studies,20170410,53,43,54.08,14,50.00%,30.19%,0.00
www.usfca.edu/arts-sciences/undergraduate-programs/media-studies,20170409,37,34,28.27,9,55.56%,18.92%,0.00
www.usfca.edu/arts-sciences/undergraduate-programs/media-studies,20170408,34,27,36.35,6,66.67%,23.53%,0.00
www.usfca.edu/arts-sciences/undergraduate-programs/media-studies,20170407,33,26,115.93,8,37.50%,18.18%,0.00
www.usfca.edu/arts-sciences/undergraduate-programs/media-studies,20170406,43,40,50.00,15,60.00%,27.91%,0.00
www.usfca.edu/arts-sciences/undergraduate-programs/media-studies,20170405,47,40,61.55,12,66.67%,29.79%,0.00
www.usfca.edu/arts-sciences/undergraduate-programs/media-studies,20170404,42,35,61.00,9,22.22%,16.67%,0.00
www.usfca.edu/arts-sciences/undergraduate-programs/media-studies,20170403,49,45,44.43,17,52.94%,28.57%,0.00
www.usfca.edu/arts-sciences/undergraduate-programs/media-studies,20170402,26,23,77.78,4,50.00%,11.54%,0.00
www.usfca.edu/arts-sciences/undergraduate-programs/media-studies,20170401,26,20,67.84,7,42.86%,26.92%,0.00
www.usfca.edu/arts-sciences/undergraduate-programs/media-studies,20170331,38,34,36.48,9,66.67%,34.21%,0.00
www.usfca.edu/arts-sciences/undergraduate-programs/media-studies,20170330,70,52,48.70,13,53.85%,18.57%,0.00
www.usfca.edu/arts-sciences/undergraduate-programs/media-studies,20170329,50,41,42.18,12,50.00%,24.00%,0.00
www.usfca.edu/arts-sciences/undergraduate-programs/media-studies,20170328,44,39,30.71,15,53.33%,29.55%,0.00
www.usfca.edu/arts-sciences/undergraduate-programs/media-studies,20170327,57,47,43.19,14,42.86%,24.56%,0.00
www.usfca.edu/arts-sciences/undergraduate-programs/media-studies,20170326,24,17,31.00,5,60.00%,25.00%,0.00
www.usfca.edu/arts-sciences/undergraduate-programs/media-studies,20170325,36,27,54.58,9,22.22%,33.33%,0.00
www.usfca.edu/arts-sciences/undergraduate-programs/media-studies,20170324,38,32,104.97,13,46.15%,18.42%,0.00
www.usfca.edu/arts-sciences/undergraduate-programs/media-studies,20170323,47,39,29.00,17,47.06%,19.15%,0.00
www.usfca.edu/arts-sciences/undergraduate-programs/media-studies,20170322,43,32,53.92,15,40.00%,16.28%,0.00
www.usfca.edu/arts-sciences/undergraduate-programs/media-studies,20170321,46,36,91.90,13,61.54%,32.61%,0.00
www.usfca.edu/arts-sciences/undergraduate-programs/media-studies,20170320,52,42,122.28,14,14.29%,11.54%,0.00
www.usfca.edu/arts-sciences/undergraduate-programs/media-studies,20170319,30,26,55.28,5,40.00%,16.67%,0.00
www.usfca.edu/arts-sciences/undergraduate-programs/media-studies,20170318,32,26,31.40,8,25.00%,21.88%,0.00
www.usfca.edu/arts-sciences/undergraduate-programs/media-studies,20170317,9,9,30.25,1,0.00%,11.11%,0.00
www.usfca.edu/arts-sciences/undergraduate-programs/media-studies,20170316,35,26,80.75,7,28.57%,20.00%,0.00
www.usfca.edu/arts-sciences/undergraduate-programs/media-studies,20170315,46,37,87.53,12,41.67%,21.74%,0.00
www.usfca.edu/arts-sciences/undergraduate-programs/media-studies,20170314,62,49,47.33,11,45.45%,27.42%,0.00
www.usfca.edu/arts-sciences/undergraduate-programs/media-studies,20170313,45,38,52.66,7,28.57%,8.89%,0.00
www.usfca.edu/arts-sciences/undergraduate-programs/media-studies,20170312,13,12,27.09,3,33.33%,15.38%,0.00
www.usfca.edu/arts-sciences/undergraduate-programs/media-studies,20170311,17,16,48.00,2,50.00%,29.41%,0.00
www.usfca.edu/arts-sciences/undergraduate-programs/media-studies,20170310,21,18,120.54,5,40.00%,38.10%,0.00
www.usfca.edu/arts-sciences/undergraduate-programs/media-studies,20170309,36,29,51.73,9,44.44%,16.67%,0.00
www.usfca.edu/arts-sciences/undergraduate-programs/media-studies,20170308,33,22,43.24,6,50.00%,12.12%,0.00
www.usfca.edu/arts-sciences/undergraduate-programs/media-studies,20170307,26,21,76.19,6,16.67%,19.23%,0.00
www.usfca.edu/arts-sciences/undergraduate-programs/media-studies,20170306,31,31,88.52,13,30.77%,25.81%,0.00
www.usfca.edu/arts-sciences/undergraduate-programs/media-studies,20170305,31,23,41.56,12,33.33%,19.35%,0.00
www.usfca.edu/arts-sciences/undergraduate-programs/media-studies,20170304,27,23,59.14,7,28.57%,22.22%,0.00
www.usfca.edu/arts-sciences/undergraduate-programs/media-studies,20170303,32,29,34.65,5,40.00%,18.75%,0.00
www.usfca.edu/arts-sciences/undergraduate-programs/media-studies,20170302,34,27,49.60,13,38.46%,26.47%,0.00
www.usfca.edu/arts-sciences/undergraduate-programs/media-studies,20170301,42,36,44.09,8,50.00%,19.05%,0.00
www.usfca.edu/arts-sciences/undergraduate-programs/media-studies,20170228,51,41,73.09,15,26.67%,35.29%,0.00
www.usfca.edu/arts-sciences/undergraduate-programs/media-studies,20170227,38,30,34.81,10,10.00%,15.79%,0.00
www.usfca.edu/arts-sciences/undergraduate-programs/media-studies,20170226,40,27,89.47,5,40.00%,15.00%,0.00
www.usfca.edu/arts-sciences/undergraduate-programs/media-studies,20170225,20,16,38.81,4,75.00%,20.00%,0.00
www.usfca.edu/arts-sciences/undergraduate-programs/media-studies,20170224,36,30,104.87,11,63.64%,36.11%,0.00
www.usfca.edu/arts-sciences/undergraduate-programs/media-studies,20170223,36,25,39.30,7,42.86%,16.67%,0.00
www.usfca.edu/arts-sciences/undergraduate-programs/media-studies,20170222,31,28,34.58,14,57.14%,38.71%,0.00
www.usfca.edu/arts-sciences/undergraduate-programs/media-studies,20170221,38,30,49.78,8,62.50%,28.95%,0.00
www.usfca.edu/arts-sciences/undergraduate-programs/media-studies,20170220,26,22,48.58,8,75.00%,53.85%,0.00
www.usfca.edu/arts-sciences/undergraduate-programs/media-studies,20170219,24,19,26.00,1,0.00%,8.33%,0.00
www.usfca.edu/arts-sciences/undergraduate-programs/media-studies,20170218,27,21,35.43,4,25.00%,22.22%,0.00
www.usfca.edu/arts-sciences/undergraduate-programs/media-studies,20170217,41,32,49.55,11,54.55%,29.27%,0.00
www.usfca.edu/arts-sciences/undergraduate-programs/media-studies,20170216,39,32,65.44,3,33.33%,12.82%,0.00
www.usfca.edu/arts-sciences/undergraduate-programs/media-studies,20170215,42,30,45.33,13,38.46%,28.57%,0.00
www.usfca.edu/arts-sciences/undergraduate-programs/media-studies,20170214,56,38,84.94,19,63.16%,37.50%,0.00
www.usfca.edu/arts-sciences/undergraduate-programs/media-studies,20170213,38,27,21.37,7,57.14%,28.95%,0.00
www.usfca.edu/arts-sciences/undergraduate-programs/media-studies,20170212,29,26,93.43,10,50.00%,20.69%,0.00
www.usfca.edu/arts-sciences/undergraduate-programs/media-studies,20170211,21,18,32.45,7,85.71%,47.62%,0.00
www.usfca.edu/arts-sciences/undergraduate-programs/media-studies,20170210,22,21,75.88,5,40.00%,22.73%,0.00
www.usfca.edu/arts-sciences/undergraduate-programs/media-studies,20170209,47,35,84.88,11,45.45%,31.91%,0.00
www.usfca.edu/arts-sciences/undergraduate-programs/media-studies,20170208,54,42,27.49,12,66.67%,27.78%,0.00
www.usfca.edu/arts-sciences/undergraduate-programs/media-studies,20170207,48,39,54.18,13,30.77%,20.83%,0.00
www.usfca.edu/arts-sciences/undergraduate-programs/media-studies,20170206,50,39,70.65,19,47.37%,32.00%,0.00
www.usfca.edu/arts-sciences/undergraduate-programs/media-studies,20170205,29,26,34.05,8,25.00%,24.14%,0.00
www.usfca.edu/arts-sciences/undergraduate-programs/media-studies,20170204,21,20,58.20,8,50.00%,28.57%,0.00
www.usfca.edu/arts-sciences/undergraduate-programs/media-studies,20170203,24,21,45.63,9,44.44%,33.33%,0.00
www.usfca.edu/arts-sciences/undergraduate-programs/media-studies,20170202,41,30,39.85,10,30.00%,19.51%,0.00
www.usfca.edu/arts-sciences/undergraduate-programs/media-studies,20170201,37,32,48.33,14,64.29%,35.14%,0.00
www.usfca.edu/arts-sciences/undergraduate-programs/media-studies,20170131,33,28,67.26,12,50.00%,30.30%,0.00
www.usfca.edu/arts-sciences/undergraduate-programs/media-studies,20170130,45,32,79.00,13,38.46%,28.89%,0.00
www.usfca.edu/arts-sciences/undergraduate-programs/media-studies,20170129,47,31,34.05,9,55.56%,14.89%,0.00
www.usfca.edu/arts-sciences/undergraduate-programs/media-studies,20170128,26,23,126.76,11,54.55%,34.62%,0.00
www.usfca.edu/arts-sciences/undergraduate-programs/media-studies,20170127,25,22,104.81,7,71.43%,36.00%,0.00
www.usfca.edu/arts-sciences/undergraduate-programs/media-studies,20170126,36,30,26.00,9,44.44%,22.22%,0.00
www.usfca.edu/arts-sciences/undergraduate-programs/media-studies,20170125,21,20,50.29,5,40.00%,19.05%,0.00
www.usfca.edu/arts-sciences/undergraduate-programs/media-studies,20170124,46,33,66.45,13,30.77%,17.39%,0.00
www.usfca.edu/arts-sciences/undergraduate-programs/media-studies,20170123,51,41,104.33,13,61.54%,29.41%,0.00
www.usfca.edu/arts-sciences/undergraduate-programs/media-studies,20170122,49,39,94.08,16,43.75%,24.49%,0.00
www.usfca.edu/arts-sciences/undergraduate-programs/media-studies,20170121,37,28,65.65,9,22.22%,37.84%,0.00
www.usfca.edu/arts-sciences/undergraduate-programs/media-studies,20170120,31,27,31.32,8,62.50%,29.03%,0.00
www.usfca.edu/arts-sciences/undergraduate-programs/media-studies,20170119,35,27,34.54,7,57.14%,25.71%,0.00
www.usfca.edu/arts-sciences/undergraduate-programs/media-studies,20170118,50,36,76.43,14,28.57%,26.00%,0.00
www.usfca.edu/arts-sciences/undergraduate-programs/media-studies,20170117,47,38,43.94,13,46.15%,23.40%,0.00
www.usfca.edu/arts-sciences/undergraduate-programs/media-studies,20170116,31,26,62.91,12,25.00%,25.81%,0.00
www.usfca.edu/arts-sciences/undergraduate-programs/media-studies,20170115,58,51,132.02,19,31.58%,22.41%,0.00
www.usfca.edu/arts-sciences/undergraduate-programs/media-studies,20170114,41,35,88.00,19,47.37%,34.15%,0.00
www.usfca.edu/arts-sciences/undergraduate-programs/media-studies,20170113,38,32,140.78,10,50.00%,28.95%,0.00
www.usfca.edu/arts-sciences/undergraduate-programs/media-studies,20170112,39,33,52.93,9,44.44%,23.08%,0.00
www.usfca.edu/arts-sciences/undergraduate-programs/media-studies,20170111,36,28,113.15,7,14.29%,27.78%,0.00
www.usfca.edu/arts-sciences/undergraduate-programs/media-studies,20170110,47,39,68.89,12,41.67%,19.15%,0.00
www.usfca.edu/arts-sciences/undergraduate-programs/media-studies,20170109,46,39,58.21,12,41.67%,26.09%,0.00
www.usfca.edu/arts-sciences/undergraduate-programs/media-studies,20170108,44,37,33.07,11,54.55%,34.09%,0.00
www.usfca.edu/arts-sciences/undergraduate-programs/media-studies,20170107,35,25,51.37,11,36.36%,22.86%,0.00
www.usfca.edu/arts-sciences/undergraduate-programs/media-studies,20170106,34,29,141.69,6,66.67%,23.53%,0.00
www.usfca.edu/arts-sciences/undergraduate-programs/media-studies,20170105,42,32,34.52,6,50.00%,21.43%,0.00
www.usfca.edu/arts-sciences/undergraduate-programs/media-studies,20170104,43,40,84.88,12,33.33%,23.26%,0.00
www.usfca.edu/arts-sciences/undergraduate-programs/media-studies,20170103,31,28,40.83,8,62.50%,22.58%,0.00
www.usfca.edu/arts-sciences/undergraduate-programs/media-studies,20170102,38,29,84.04,6,33.33%,26.32%,0.00
www.usfca.edu/arts-sciences/undergraduate-programs/media-studies,20170101,28,21,58.23,11,9.09%,21.43%,0.00
www.usfca.edu/arts-sciences/undergraduate-programs/media-studies,20161231,20,15,194.29,8,62.50%,30.00%,0.00
www.usfca.edu/arts-sciences/undergraduate-programs/media-studies,20161230,27,23,32.85,4,50.00%,25.93%,0.00
www.usfca.edu/arts-sciences/undergraduate-programs/media-studies,20161229,18,14,22.93,2,0.00%,16.67%,0.00
www.usfca.edu/arts-sciences/undergraduate-programs/media-studies,20161228,21,20,25.65,4,50.00%,19.05%,0.00
www.usfca.edu/arts-sciences/undergraduate-programs/media-studies,20161227,35,25,126.11,7,42.86%,22.86%,0.00
www.usfca.edu/arts-sciences/undergraduate-programs/media-studies,20161226,29,24,37.68,11,36.36%,13.79%,0.00
www.usfca.edu/arts-sciences/undergraduate-programs/media-studies,20161225,17,14,70.17,6,66.67%,29.41%,0.00
www.usfca.edu/arts-sciences/undergraduate-programs/media-studies,20161224,16,14,68.80,8,62.50%,37.50%,0.00
www.usfca.edu/arts-sciences/undergraduate-programs/media-studies,20161223,32,27,62.78,7,28.57%,28.13%,0.00
www.usfca.edu/arts-sciences/undergraduate-programs/media-studies,20161222,35,29,66.78,4,25.00%,22.86%,0.00
www.usfca.edu/arts-sciences/undergraduate-programs/media-studies,20161221,35,27,73.22,5,40.00%,22.86%,0.00
www.usfca.edu/arts-sciences/undergraduate-programs/media-studies,20161220,52,41,96.32,11,54.55%,21.15%,0.00
www.usfca.edu/arts-sciences/undergraduate-programs/media-studies,20161219,46,38,37.12,9,44.44%,26.09%,0.00
www.usfca.edu/arts-sciences/undergraduate-programs/media-studies,20161218,19,13,52.07,7,42.86%,26.32%,0.00
www.usfca.edu/arts-sciences/undergraduate-programs/media-studies,20161217,21,18,31.65,6,33.33%,19.05%,0.00
www.usfca.edu/arts-sciences/undergraduate-programs/media-studies,20161216,28,25,105.11,12,58.33%,32.14%,0.00
www.usfca.edu/arts-sciences/undergraduate-programs/media-studies,20161215,30,24,29.46,6,50.00%,20.00%,0.00
www.usfca.edu/arts-sciences/undergraduate-programs/media-studies,20161214,30,25,26.44,8,25.00%,16.67%,0.00
www.usfca.edu/arts-sciences/undergraduate-programs/media-studies,20161213,39,23,79.56,7,28.57%,17.95%,0.00
www.usfca.edu/arts-sciences/undergraduate-programs/media-studies,20161212,21,19,46.79,6,16.67%,9.52%,0.00
www.usfca.edu/arts-sciences/undergraduate-programs/media-studies,20161211,27,21,43.70,9,44.44%,25.93%,0.00
www.usfca.edu/arts-sciences/undergraduate-programs/media-studies,20161210,15,12,113.75,3,0.00%,20.00%,0.00
www.usfca.edu/arts-sciences/undergraduate-programs/media-studies,20161209,24,19,21.28,11,36.36%,25.00%,0.00
www.usfca.edu/arts-sciences/undergraduate-programs/media-studies,20161208,40,32,118.06,13,46.15%,22.50%,0.00
www.usfca.edu/arts-sciences/undergraduate-programs/media-studies,20161207,23,21,71.00,4,75.00%,17.39%,0.00
www.usfca.edu/arts-sciences/undergraduate-programs/media-studies,20161206,25,22,43.06,9,44.44%,28.00%,0.00
www.usfca.edu/arts-sciences/undergraduate-programs/media-studies,20161205,28,21,69.95,6,66.67%,21.43%,0.00
www.usfca.edu/arts-sciences/undergraduate-programs/media-studies,20161204,27,22,54.00,6,66.67%,33.33%,0.00
www.usfca.edu/arts-sciences/undergraduate-programs/media-studies,20161203,19,13,29.50,6,16.67%,15.79%,0.00
www.usfca.edu/arts-sciences/undergraduate-programs/media-studies,20161202,27,22,68.96,5,60.00%,14.81%,0.00
www.usfca.edu/arts-sciences/undergraduate-programs/media-studies,20161201,29,28,36.84,5,60.00%,34.48%,0.00
www.usfca.edu/arts-sciences/undergraduate-programs/media-studies,20161130,60,43,37.00,18,44.44%,21.67%,0.00
www.usfca.edu/arts-sciences/undergraduate-programs/media-studies,20161129,85,58,76.94,22,31.82%,20.00%,0.00
www.usfca.edu/arts-sciences/undergraduate-programs/media-studies,20161128,55,44,100.64,14,35.71%,20.00%,0.00
www.usfca.edu/arts-sciences/undergraduate-programs/media-studies,20161127,34,28,34.88,7,57.14%,29.41%,0.00
www.usfca.edu/arts-sciences/undergraduate-programs/media-studies,20161126,34,26,34.04,9,22.22%,26.47%,0.00
www.usfca.edu/arts-sciences/undergraduate-programs/media-studies,20161125,22,15,28.61,1,100.00%,18.18%,0.00
www.usfca.edu/arts-sciences/undergraduate-programs/media-studies,20161124,12,11,84.14,4,100.00%,41.67%,0.00
www.usfca.edu/arts-sciences/undergraduate-programs/media-studies,20161123,36,29,65.30,8,25.00%,16.67%,0.00
www.usfca.edu/arts-sciences/undergraduate-programs/media-studies,20161122,31,26,71.08,5,20.00%,22.58%,0.00
www.usfca.edu/arts-sciences/undergraduate-programs/media-studies,20161121,35,29,42.76,5,40.00%,17.14%,0.00
www.usfca.edu/arts-sciences/undergraduate-programs/media-studies,20161120,34,27,80.29,8,37.50%,38.24%,0.00
www.usfca.edu/arts-sciences/undergraduate-programs/media-studies,20161119,26,24,38.62,4,50.00%,19.23%,0.00
www.usfca.edu/arts-sciences/undergraduate-programs/media-studies,20161118,31,24,91.59,7,14.29%,29.03%,0.00
www.usfca.edu/arts-sciences/undergraduate-programs/media-studies,20161117,59,45,57.27,17,47.06%,16.95%,0.00
www.usfca.edu/arts-sciences/undergraduate-programs/media-studies,20161116,72,53,41.02,19,10.00%,13.89%,0.00
www.usfca.edu/arts-sciences/undergraduate-programs/media-studies,20161115,95,77,65.51,24,33.33%,16.84%,0.00
www.usfca.edu/arts-sciences/undergraduate-programs/media-studies,20161114,79,65,60.20,31,41.94%,29.11%,0.00
www.usfca.edu/arts-sciences/undergraduate-programs/media-studies,20161113,57,46,40.13,21,38.10%,29.82%,0.00
www.usfca.edu/arts-sciences/undergraduate-programs/media-studies,20161112,36,27,106.15,9,77.78%,27.78%,0.00
www.usfca.edu/arts-sciences/undergraduate-programs/media-studies,20161111,63,48,73.04,20,35.00%,25.40%,0.00
www.usfca.edu/arts-sciences/undergraduate-programs/media-studies,20161110,159,104,126.32,47,33.33%,23.27%,0.00
www.usfca.edu/arts-sciences/undergraduate-programs/media-studies,20161109,106,76,94.00,41,31.71%,24.53%,0.00
www.usfca.edu/arts-sciences/undergraduate-programs/media-studies,20161108,102,76,134.02,40,27.50%,18.63%,0.00
www.usfca.edu/arts-sciences/undergraduate-programs/media-studies,20161107,112,73,76.99,39,25.64%,22.32%,0.00
www.usfca.edu/arts-sciences/undergraduate-programs/media-studies,20161106,98,66,90.22,27,22.22%,16.33%,0.00
www.usfca.edu/arts-sciences/undergraduate-programs/media-studies,20161105,55,42,122.25,12,33.33%,27.27%,0.00
www.usfca.edu/arts-sciences/undergraduate-programs/media-studies,20161104,71,44,74.44,22,36.36%,19.72%,0.00
www.usfca.edu/arts-sciences/undergraduate-programs/media-studies,20161103,73,52,63.50,15,26.67%,15.07%,0.00
www.usfca.edu/arts-sciences/undergraduate-programs/media-studies,20161102,76,60,51.89,23,8.70%,17.11%,0.00
www.usfca.edu/arts-sciences/undergraduate-programs/media-studies,20161101,60,49,51.91,17,64.71%,25.00%,0.00
www.usfca.edu/arts-sciences/undergraduate-programs/media-studies,20161031,93,65,62.13,36,25.00%,27.96%,0.00
www.usfca.edu/arts-sciences/undergraduate-programs/media-studies,20161030,59,42,47.38,23,47.83%,28.81%,0.00
www.usfca.edu/arts-sciences/undergraduate-programs/media-studies,20161029,28,26,34.80,13,61.54%,46.43%,0.00
www.usfca.edu/arts-sciences/undergraduate-programs/media-studies,20161028,52,36,83.23,13,23.08%,23.08%,0.00
www.usfca.edu/arts-sciences/undergraduate-programs/media-studies,20161027,57,45,71.83,17,52.94%,29.82%,0.00
www.usfca.edu/arts-sciences/undergraduate-programs/media-studies,20161026,73,65,49.67,27,37.04%,26.03%,0.00
www.usfca.edu/arts-sciences/undergraduate-programs/media-studies,20161025,91,70,78.19,32,34.38%,24.18%,0.00
www.usfca.edu/arts-sciences/undergraduate-programs/media-studies,20161024,76,56,120.35,23,34.78%,25.00%,0.00
www.usfca.edu/arts-sciences/undergraduate-programs/media-studies,20161023,58,46,69.02,24,41.67%,22.41%,0.00
www.usfca.edu/arts-sciences/undergraduate-programs/media-studies,20161022,35,29,64.95,11,54.55%,37.14%,0.00
www.usfca.edu/arts-sciences/undergraduate-programs/media-studies,20161021,67,48,63.10,21,23.81%,25.37%,0.00
www.usfca.edu/arts-sciences/undergraduate-programs/media-studies,20161020,62,47,33.55,14,33.33%,20.97%,0.00
www.usfca.edu/arts-sciences/undergraduate-programs/media-studies,20161019,78,60,41.17,27,48.15%,32.05%,0.00
www.usfca.edu/arts-sciences/undergraduate-programs/media-studies,20161018,54,46,48.24,19,21.05%,22.22%,0.00
www.usfca.edu/arts-sciences/undergraduate-programs/media-studies,20161017,69,55,85.07,19,52.63%,21.74%,0.00
www.usfca.edu/arts-sciences/undergraduate-programs/media-studies,20161016,37,30,38.85,13,53.85%,29.73%,0.00
www.usfca.edu/arts-sciences/undergraduate-programs/media-studies,20161015,27,27,39.26,8,62.50%,29.63%,0.00
www.usfca.edu/arts-sciences/undergraduate-programs/media-studies,20161014,67,40,83.45,16,31.25%,20.90%,0.00
www.usfca.edu/arts-sciences/undergraduate-programs/media-studies,20161013,56,41,43.38,17,29.41%,14.29%,0.00
www.usfca.edu/arts-sciences/undergraduate-programs/media-studies,20161012,67,48,33.16,18,22.22%,17.91%,0.00
www.usfca.edu/arts-sciences/undergraduate-programs/media-studies,20161011,48,37,29.09,12,41.67%,31.25%,0.00
www.usfca.edu/arts-sciences/undergraduate-programs/media-studies,20161010,70,49,65.81,18,27.78%,18.57%,0.00
www.usfca.edu/arts-sciences/undergraduate-programs/media-studies,20161009,60,49,43.70,15,33.33%,16.67%,0.00
www.usfca.edu/arts-sciences/undergraduate-programs/media-studies,20161008,41,35,70.30,15,6.67%,9.76%,0.00
www.usfca.edu/arts-sciences/undergraduate-programs/media-studies,20161007,58,40,40.05,18,33.33%,32.76%,0.00
www.usfca.edu/arts-sciences/undergraduate-programs/media-studies,20161006,58,45,58.62,23,30.43%,22.41%,0.00
www.usfca.edu/arts-sciences/undergraduate-programs/media-studies,20161005,71,50,63.83,23,43.48%,25.35%,0.00
www.usfca.edu/arts-sciences/undergraduate-programs/media-studies,20161004,60,50,45.39,20,60.00%,26.67%,0.00
www.usfca.edu/arts-sciences/undergraduate-programs/media-studies,20161003,59,47,52.63,11,18.18%,22.03%,0.00
www.usfca.edu/arts-sciences/undergraduate-programs/media-studies,20161002,38,31,88.48,15,33.33%,28.95%,0.00
www.usfca.edu/arts-sciences/undergraduate-programs/media-studies,20161001,18,14,40.36,5,40.00%,38.89%,0.00
www.usfca.edu/arts-sciences/undergraduate-programs/media-studies,20160930,33,29,79.89,8,25.00%,18.18%,0.00
www.usfca.edu/arts-sciences/undergraduate-programs/media-studies,20160929,69,52,65.60,16,25.00%,20.29%,0.00
www.usfca.edu/arts-sciences/undergraduate-programs/media-studies,20160928,59,38,52.92,7,28.57%,15.25%,0.00
www.usfca.edu/arts-sciences/undergraduate-programs/media-studies,20160927,54,44,64.11,14,14.29%,18.52%,0.00
www.usfca.edu/arts-sciences/undergraduate-programs/media-studies,20160926,50,41,48.30,20,40.00%,40.00%,0.00
www.usfca.edu/arts-sciences/undergraduate-programs/media-studies,20160925,46,33,93.46,8,50.00%,19.57%,0.00
www.usfca.edu/arts-sciences/undergraduate-programs/media-studies,20160924,38,31,47.94,12,25.00%,15.79%,0.00
www.usfca.edu/arts-sciences/undergraduate-programs/media-studies,20160923,36,32,28.96,10,40.00%,22.22%,0.00
www.usfca.edu/arts-sciences/undergraduate-programs/media-studies,20160922,44,35,35.47,10,20.00%,22.73%,0.00
www.usfca.edu/arts-sciences/undergraduate-programs/media-studies,20160921,48,37,69.79,17,47.06%,31.25%,0.00
www.usfca.edu/arts-sciences/undergraduate-programs/media-studies,20160920,53,43,52.16,18,55.56%,30.19%,0.00
www.usfca.edu/arts-sciences/undergraduate-programs/media-studies,20160919,55,45,39.44,16,37.50%,29.09%,0.00
www.usfca.edu/arts-sciences/undergraduate-programs/media-studies,20160918,34,24,80.28,13,30.77%,26.47%,0.00
www.usfca.edu/arts-sciences/undergraduate-programs/media-studies,20160917,36,25,36.53,7,28.57%,16.67%,0.00
www.usfca.edu/arts-sciences/undergraduate-programs/media-studies,20160916,41,32,25.93,9,44.44%,26.83%,0.00
www.usfca.edu/arts-sciences/undergraduate-programs/media-studies,20160915,48,39,53.09,10,20.00%,27.08%,0.00
www.usfca.edu/arts-sciences/undergraduate-programs/media-studies,20160914,54,43,58.43,15,26.67%,22.22%,0.00
www.usfca.edu/arts-sciences/undergraduate-programs/media-studies,20160913,52,41,52.77,16,43.75%,25.00%,0.00
www.usfca.edu/arts-sciences/undergraduate-programs/media-studies,20160912,48,40,49.09,15,66.67%,31.25%,0.00
www.usfca.edu/arts-sciences/undergraduate-programs/media-studies,20160911,37,33,142.42,10,40.00%,29.73%,0.00
www.usfca.edu/arts-sciences/undergraduate-programs/media-studies,20160910,39,33,78.83,12,41.67%,25.64%,0.00
www.usfca.edu/arts-sciences/undergraduate-programs/media-studies,20160909,39,35,67.29,14,35.71%,28.21%,0.00
www.usfca.edu/arts-sciences/undergraduate-programs/media-studies,20160908,52,41,83.54,16,56.25%,25.00%,0.00
www.usfca.edu/arts-sciences/undergraduate-programs/media-studies,20160907,48,37,43.03,15,60.00%,35.42%,0.00
www.usfca.edu/arts-sciences/undergraduate-programs/media-studies,20160906,61,49,126.03,17,29.41%,34.43%,0.00
www.usfca.edu/arts-sciences/undergraduate-programs/media-studies,20160905,35,29,57.88,8,75.00%,31.43%,0.00
www.usfca.edu/arts-sciences/undergraduate-programs/media-studies,20160904,48,38,47.61,9,33.33%,25.00%,0.00
www.usfca.edu/arts-sciences/undergraduate-programs/media-studies,20160903,35,33,43.00,12,50.00%,34.29%,0.00
www.usfca.edu/arts-sciences/undergraduate-programs/media-studies,20160902,51,34,24.25,12,50.00%,21.57%,0.00
www.usfca.edu/arts-sciences/undergraduate-programs/media-studies,20160901,40,29,120.53,10,40.00%,15.00%,0.00
www.usfca.edu/arts-sciences/undergraduate-programs/media-studies,20160831,73,51,40.26,15,46.67%,21.92%,0.00
www.usfca.edu/arts-sciences/undergraduate-programs/media-studies,20160830,51,40,70.34,16,43.75%,25.49%,0.00
www.usfca.edu/arts-sciences/undergraduate-programs/media-studies,20160829,54,45,75.42,15,33.33%,20.37%,0.00
www.usfca.edu/arts-sciences/undergraduate-programs/media-studies,20160828,37,31,89.78,15,46.67%,27.03%,0.00
www.usfca.edu/arts-sciences/undergraduate-programs/media-studies,20160827,29,27,24.63,8,62.50%,34.48%,0.00
www.usfca.edu/arts-sciences/undergraduate-programs/media-studies,20160826,35,30,34.78,10,30.00%,34.29%,0.00
www.usfca.edu/arts-sciences/undergraduate-programs/media-studies,20160825,44,35,36.24,15,40.00%,25.00%,0.00
www.usfca.edu/arts-sciences/undergraduate-programs/media-studies,20160824,37,31,29.54,12,33.33%,24.32%,0.00
www.usfca.edu/arts-sciences/undergraduate-programs/media-studies,20160823,52,44,118.23,16,31.25%,23.08%,0.00
www.usfca.edu/arts-sciences/undergraduate-programs/media-studies,20160822,69,56,84.93,27,40.74%,34.78%,0.00
www.usfca.edu/arts-sciences/undergraduate-programs/media-studies,20160821,38,27,107.90,11,18.18%,21.05%,0.00
www.usfca.edu/arts-sciences/undergraduate-programs/media-studies,20160820,34,25,105.88,10,0.00%,5.88%,0.00
www.usfca.edu/arts-sciences/undergraduate-programs/media-studies,20160819,46,33,83.31,10,40.00%,21.74%,0.00
www.usfca.edu/arts-sciences/undergraduate-programs/media-studies,20160818,38,30,63.18,10,30.00%,10.53%,0.00
www.usfca.edu/arts-sciences/undergraduate-programs/media-studies,20160817,42,35,38.53,11,18.18%,19.05%,0.00
www.usfca.edu/arts-sciences/undergraduate-programs/media-studies,20160816,38,23,39.39,7,14.29%,18.42%,0.00
www.usfca.edu/arts-sciences/undergraduate-programs/media-studies,20160815,42,35,74.54,14,71.43%,38.10%,0.00
www.usfca.edu/arts-sciences/undergraduate-programs/media-studies,20160814,30,24,43.88,9,44.44%,13.33%,0.00
www.usfca.edu/arts-sciences/undergraduate-programs/media-studies,20160813,31,27,37.18,7,71.43%,29.03%,0.00
www.usfca.edu/arts-sciences/undergraduate-programs/media-studies,20160812,36,28,164.14,11,45.45%,22.22%,0.00
www.usfca.edu/arts-sciences/undergraduate-programs/media-studies,20160811,44,31,90.53,9,44.44%,22.73%,0.00
www.usfca.edu/arts-sciences/undergraduate-programs/media-studies,20160810,48,31,71.30,6,50.00%,16.67%,0.00
www.usfca.edu/arts-sciences/undergraduate-programs/media-studies,20160809,25,19,58.67,5,0.00%,16.00%,0.00
www.usfca.edu/arts-sciences/undergraduate-programs/media-studies,20160808,37,28,59.48,6,83.33%,21.62%,0.00
www.usfca.edu/arts-sciences/undergraduate-programs/media-studies,20160807,25,18,200.90,6,66.67%,20.00%,0.00
www.usfca.edu/arts-sciences/undergraduate-programs/media-studies,20160806,34,27,26.75,13,61.54%,29.41%,0.00
www.usfca.edu/arts-sciences/undergraduate-programs/media-studies,20160805,26,22,27.21,9,33.33%,26.92%,0.00
www.usfca.edu/arts-sciences/undergraduate-programs/media-studies,20160804,33,27,35.46,9,22.22%,21.21%,0.00
www.usfca.edu/arts-sciences/undergraduate-programs/media-studies,20160803,30,19,32.25,4,25.00%,20.00%,0.00
www.usfca.edu/arts-sciences/undergraduate-programs/media-studies,20160802,30,27,39.86,11,36.36%,30.00%,0.00
www.usfca.edu/arts-sciences/undergraduate-programs/media-studies,20160801,51,38,41.98,11,36.36%,21.57%,0.00
www.usfca.edu/arts-sciences/undergraduate-programs/media-studies,20160731,17,13,32.35,3,0.00%,0.00%,0.00
www.usfca.edu/arts-sciences/undergraduate-programs/media-studies,20160730,27,23,39.15,8,62.50%,25.93%,0.00
www.usfca.edu/arts-sciences/undergraduate-programs/media-studies,20160729,23,19,20.47,5,40.00%,26.09%,0.00
www.usfca.edu/arts-sciences/undergraduate-programs/media-studies,20160728,52,35,75.08,15,33.33%,25.00%,0.00
www.usfca.edu/arts-sciences/undergraduate-programs/media-studies,20160727,39,32,41.53,12,25.00%,12.82%,0.00
www.usfca.edu/arts-sciences/undergraduate-programs/media-studies,20160726,40,36,40.67,10,30.00%,25.00%,0.00
www.usfca.edu/arts-sciences/undergraduate-programs/media-studies,20160725,33,24,69.39,6,33.33%,15.15%,0.00
www.usfca.edu/arts-sciences/undergraduate-programs/media-studies,20160724,40,24,57.83,7,57.14%,12.50%,0.00
www.usfca.edu/arts-sciences/undergraduate-programs/media-studies,20160723,21,15,23.29,5,20.00%,19.05%,0.00
www.usfca.edu/arts-sciences/undergraduate-programs/media-studies,20160722,24,23,67.67,11,45.45%,25.00%,0.00
www.usfca.edu/arts-sciences/undergraduate-programs/media-studies,20160721,40,31,137.75,9,55.56%,30.00%,0.00
www.usfca.edu/arts-sciences/undergraduate-programs/media-studies,20160720,46,32,69.95,13,30.77%,17.39%,0.00
www.usfca.edu/arts-sciences/undergraduate-programs/media-studies,20160719,50,32,36.24,11,9.09%,10.00%,0.00
www.usfca.edu/arts-sciences/undergraduate-programs/media-studies,20160718,41,27,42.85,6,66.67%,19.51%,0.00
www.usfca.edu/arts-sciences/undergraduate-programs/media-studies,20160717,27,22,38.47,6,50.00%,29.63%,0.00
www.usfca.edu/arts-sciences/undergraduate-programs/media-studies,20160716,19,19,30.50,6,66.67%,36.84%,0.00
www.usfca.edu/arts-sciences/undergraduate-programs/media-studies,20160715,36,27,23.39,6,16.67%,22.22%,0.00
www.usfca.edu/arts-sciences/undergraduate-programs/media-studies,20160714,30,22,75.41,11,18.18%,26.67%,0.00
www.usfca.edu/arts-sciences/undergraduate-programs/media-studies,20160713,26,20,19.89,9,44.44%,26.92%,0.00
www.usfca.edu/arts-sciences/undergraduate-programs/media-studies,20160712,43,26,64.83,9,22.22%,16.28%,0.00
www.usfca.edu/arts-sciences/undergraduate-programs/media-studies,20160711,37,26,38.92,10,40.00%,29.73%,0.00
www.usfca.edu/arts-sciences/undergraduate-programs/media-studies,20160710,31,23,100.88,4,0.00%,22.58%,0.00
www.usfca.edu/arts-sciences/undergraduate-programs/media-studies,20160709,34,23,35.77,11,18.18%,11.76%,0.00
www.usfca.edu/arts-sciences/undergraduate-programs/media-studies,20160708,19,17,22.94,6,16.67%,15.79%,0.00
www.usfca.edu/arts-sciences/undergraduate-programs/media-studies,20160707,37,29,81.38,8,12.50%,21.62%,0.00
www.usfca.edu/arts-sciences/undergraduate-programs/media-studies,20160706,45,35,33.57,12,41.67%,22.22%,0.00
www.usfca.edu/arts-sciences/undergraduate-programs/media-studies,20160705,43,26,39.21,10,30.00%,20.93%,0.00
www.usfca.edu/arts-sciences/undergraduate-programs/media-studies,20160704,16,12,118.83,5,40.00%,25.00%,0.00
www.usfca.edu/arts-sciences/undergraduate-programs/media-studies,20160703,19,12,68.28,2,0.00%,5.26%,0.00
www.usfca.edu/arts-sciences/undergraduate-programs/media-studies,20160702,35,28,79.12,12,50.00%,28.57%,0.00
www.usfca.edu/arts-sciences/undergraduate-programs/media-studies,20160701,25,21,26.44,6,16.67%,28.00%,0.00
www.usfca.edu/arts-sciences/undergraduate-programs/media-studies,20160630,26,23,102.94,9,55.56%,30.77%,0.00
www.usfca.edu/arts-sciences/undergraduate-programs/media-studies,20160629,28,24,101.37,10,30.00%,32.14%,0.00
www.usfca.edu/arts-sciences/undergraduate-programs/media-studies,20160628,26,18,28.65,6,16.67%,23.08%,0.00
www.usfca.edu/arts-sciences/undergraduate-programs/media-studies,20160627,31,23,45.71,7,57.14%,22.58%,0.00
www.usfca.edu/arts-sciences/undergraduate-programs/media-studies,20160626,22,20,33.00,6,33.33%,22.73%,0.00
www.usfca.edu/arts-sciences/undergraduate-programs/media-studies,20160625,24,20,62.18,9,22.22%,29.17%,0.00
www.usfca.edu/arts-sciences/undergraduate-programs/media-studies,20160624,17,14,32.86,2,0.00%,17.65%,0.00
www.usfca.edu/arts-sciences/undergraduate-programs/media-studies,20160623,42,26,43.56,6,33.33%,19.05%,0.00
www.usfca.edu/arts-sciences/undergraduate-programs/media-studies,20160622,30,21,37.71,10,20.00%,20.00%,0.00
www.usfca.edu/arts-sciences/undergraduate-programs/media-studies,20160621,23,18,120.53,2,50.00%,26.09%,0.00
www.usfca.edu/arts-sciences/undergraduate-programs/media-studies,20160620,38,26,45.39,7,14.29%,13.16%,0.00
www.usfca.edu/arts-sciences/undergraduate-programs/media-studies,20160619,36,28,58.93,8,37.50%,22.22%,0.00
www.usfca.edu/arts-sciences/undergraduate-programs/media-studies,20160618,26,22,196.95,9,22.22%,19.23%,0.00
www.usfca.edu/arts-sciences/undergraduate-programs/media-studies,20160617,26,22,143.05,8,25.00%,19.23%,0.00
www.usfca.edu/arts-sciences/undergraduate-programs/media-studies,20160616,43,35,45.69,16,25.00%,32.56%,0.00
www.usfca.edu/arts-sciences/undergraduate-programs/media-studies,20160615,33,31,125.62,11,45.45%,21.21%,0.00
www.usfca.edu/arts-sciences/undergraduate-programs/media-studies,20160614,43,32,54.43,6,33.33%,18.60%,0.00
www.usfca.edu/arts-sciences/undergraduate-programs/media-studies,20160613,56,47,113.00,22,22.73%,16.07%,0.00
www.usfca.edu/arts-sciences/undergraduate-programs/media-studies,20160612,29,25,40.88,9,22.22%,17.24%,0.00
www.usfca.edu/arts-sciences/undergraduate-programs/media-studies,20160611,16,14,166.71,3,33.33%,12.50%,0.00
www.usfca.edu/arts-sciences/undergraduate-programs/media-studies,20160610,36,26,37.69,11,18.18%,19.44%,0.00
www.usfca.edu/arts-sciences/undergraduate-programs/media-studies,20160609,26,22,53.31,7,85.71%,38.46%,0.00
www.usfca.edu/arts-sciences/undergraduate-programs/media-studies,20160608,46,33,52.20,10,50.00%,23.91%,0.00
www.usfca.edu/arts-sciences/undergraduate-programs/media-studies,20160607,38,25,53.06,9,33.33%,18.42%,0.00
www.usfca.edu/arts-sciences/undergraduate-programs/media-studies,20160606,50,44,44.00,12,41.67%,22.00%,0.00
www.usfca.edu/arts-sciences/undergraduate-programs/media-studies,20160605,14,13,39.09,3,66.67%,21.43%,0.00
www.usfca.edu/arts-sciences/undergraduate-programs/media-studies,20160604,26,20,117.10,8,25.00%,19.23%,0.00
www.usfca.edu/arts-sciences/undergraduate-programs/media-studies,20160603,40,35,40.00,15,66.67%,35.00%,0.00
www.usfca.edu/arts-sciences/undergraduate-programs/media-studies,20160602,16,15,47.73,3,66.67%,31.25%,0.00
www.usfca.edu/arts-sciences/undergraduate-programs/media-studies,20160601,43,34,42.03,12,33.33%,25.58%,0.00
www.usfca.edu/arts-sciences/undergraduate-programs/media-studies,20160531,27,21,52.50,5,20.00%,18.52%,0.00
www.usfca.edu/arts-sciences/undergraduate-programs/media-studies,20160530,21,17,130.25,6,33.33%,23.81%,0.00
www.usfca.edu/arts-sciences/undergraduate-programs/media-studies,20160529,21,17,84.87,9,44.44%,28.57%,0.00
www.usfca.edu/arts-sciences/undergraduate-programs/media-studies,20160528,14,11,46.89,4,25.00%,35.71%,0.00
www.usfca.edu/arts-sciences/undergraduate-programs/media-studies,20160527,27,16,39.27,4,0.00%,3.70%,0.00
www.usfca.edu/arts-sciences/undergraduate-programs/media-studies,20160526,36,30,27.72,13,53.85%,30.56%,0.00
www.usfca.edu/arts-sciences/undergraduate-programs/media-studies,20160525,43,33,50.53,12,50.00%,20.93%,0.00
www.usfca.edu/arts-sciences/undergraduate-programs/media-studies,20160524,58,33,87.42,7,28.57%,13.79%,0.00
www.usfca.edu/arts-sciences/undergraduate-programs/media-studies,20160523,49,34,72.14,11,63.64%,26.53%,0.00
www.usfca.edu/arts-sciences/undergraduate-programs/media-studies,20160522,16,14,22.50,5,20.00%,25.00%,0.00
www.usfca.edu/arts-sciences/undergraduate-programs/media-studies,20160521,21,20,33.20,7,42.86%,28.57%,0.00
www.usfca.edu/arts-sciences/undergraduate-programs/media-studies,20160520,25,20,41.33,5,20.00%,28.00%,0.00
www.usfca.edu/arts-sciences/undergraduate-programs/media-studies,20160519,32,23,58.93,5,20.00%,15.63%,0.00
www.usfca.edu/arts-sciences/undergraduate-programs/media-studies,20160518,30,25,36.14,7,57.14%,30.00%,0.00
www.usfca.edu/arts-sciences/undergraduate-programs/media-studies,20160517,38,33,27.57,14,71.43%,39.47%,0.00
www.usfca.edu/arts-sciences/undergraduate-programs/media-studies,20160516,59,42,81.82,17,58.82%,35.59%,0.00
www.usfca.edu/arts-sciences/undergraduate-programs/media-studies,20160515,31,21,38.00,8,62.50%,22.58%,0.00
www.usfca.edu/arts-sciences/undergraduate-programs/media-studies,20160514,28,22,51.10,12,41.67%,25.00%,0.00
www.usfca.edu/arts-sciences/undergraduate-programs/media-studies,20160513,33,29,127.93,8,25.00%,9.09%,0.00
www.usfca.edu/arts-sciences/undergraduate-programs/media-studies,20160512,26,22,40.20,4,50.00%,23.08%,0.00
www.usfca.edu/arts-sciences/undergraduate-programs/media-studies,20160511,45,33,85.29,8,12.50%,24.44%,0.00
www.usfca.edu/arts-sciences/undergraduate-programs/media-studies,20160510,44,40,58.69,16,37.50%,34.09%,0.00
www.usfca.edu/arts-sciences/undergraduate-programs/media-studies,20160509,40,35,87.71,14,42.86%,30.00%,0.00
www.usfca.edu/arts-sciences/undergraduate-programs/media-studies,20160508,27,24,60.13,11,54.55%,40.74%,0.00
www.usfca.edu/arts-sciences/undergraduate-programs/media-studies,20160507,40,24,64.25,8,25.00%,10.00%,0.00
www.usfca.edu/arts-sciences/undergraduate-programs/media-studies,20160506,88,30,33.69,15,0.00%,9.09%,0.00
www.usfca.edu/arts-sciences/undergraduate-programs/media-studies,20160505,69,29,24.95,9,11.11%,15.94%,0.00
www.usfca.edu/arts-sciences/undergraduate-programs/media-studies,20160504,70,27,33.67,10,0.00%,8.57%,0.00
www.usfca.edu/arts-sciences/undergraduate-programs/media-studies,20160503,92,32,50.10,18,0.00%,11.96%,0.00
www.usfca.edu/arts-sciences/undergraduate-programs/media-studies,20160502,43,32,95.40,15,46.67%,30.23%,0.00
www.usfca.edu/arts-sciences/undergraduate-programs/media-studies,20160501,37,31,95.96,12,58.33%,29.73%,0.00
www.usfca.edu/arts-sciences/undergraduate-programs/media-studies,20160430,23,19,39.00,7,57.14%,30.43%,0.00
www.usfca.edu/arts-sciences/undergraduate-programs/media-studies,20160429,39,30,53.89,10,60.00%,28.21%,0.00
www.usfca.edu/arts-sciences/undergraduate-programs/media-studies,20160428,49,33,68.62,11,27.27%,14.29%,0.00
www.usfca.edu/arts-sciences/undergraduate-programs/media-studies,20160427,55,39,126.38,17,47.06%,32.73%,0.00
www.usfca.edu/arts-sciences/undergraduate-programs/media-studies,20160426,50,39,28.42,15,46.67%,28.00%,0.00
www.usfca.edu/arts-sciences/undergraduate-programs/media-studies,20160425,55,48,43.03,19,26.32%,29.09%,0.00
www.usfca.edu/arts-sciences/undergraduate-programs/media-studies,20160424,44,31,67.34,12,16.67%,13.64%,0.00
www.usfca.edu/arts-sciences/undergraduate-programs/media-studies,20160423,40,24,74.64,11,18.18%,10.00%,0.00
www.usfca.edu/arts-sciences/undergraduate-programs/media-studies,20160422,36,26,35.89,8,37.50%,25.00%,0.00
www.usfca.edu/arts-sciences/undergraduate-programs/media-studies,20160421,43,36,75.88,12,33.33%,23.26%,0.00
www.usfca.edu/arts-sciences/undergraduate-programs/media-studies,20160420,93,67,52.39,26,50.00%,20.43%,0.00
www.usfca.edu/arts-sciences/undergraduate-programs/media-studies,20160419,74,61,90.10,20,35.00%,20.27%,0.00
www.usfca.edu/arts-sciences/undergraduate-programs/media-studies,20160418,86,60,39.19,23,21.74%,18.60%,0.00
www.usfca.edu/arts-sciences/undergraduate-programs/media-studies,20160417,52,39,30.73,10,50.00%,23.08%,0.00
www.usfca.edu/arts-sciences/undergraduate-programs/media-studies,20160416,36,30,56.14,13,30.77%,22.22%,0.00
www.usfca.edu/arts-sciences/undergraduate-programs/media-studies,20160415,58,42,42.76,16,56.25%,27.59%,0.00
www.usfca.edu/arts-sciences/undergraduate-programs/media-studies,20160414,57,43,37.87,20,15.00%,17.54%,0.00
www.usfca.edu/arts-sciences/undergraduate-programs/media-studies,20160413,73,51,54.89,24,25.00%,24.66%,0.00
www.usfca.edu/arts-sciences/undergraduate-programs/media-studies,20160412,68,54,20.25,22,31.82%,22.06%,0.00
www.usfca.edu/arts-sciences/undergraduate-programs/media-studies,20160411,56,44,56.00,12,41.67%,17.86%,0.00
www.usfca.edu/arts-sciences/undergraduate-programs/media-studies,20160410,41,36,64.22,13,46.15%,34.15%,0.00
www.usfca.edu/arts-sciences/undergraduate-programs/media-studies,20160409,39,29,89.47,12,33.33%,23.08%,0.00
www.usfca.edu/arts-sciences/undergraduate-programs/media-studies,20160408,44,37,53.97,10,50.00%,22.73%,0.00
www.usfca.edu/arts-sciences/undergraduate-programs/media-studies,20160407,51,38,50.54,18,44.44%,23.53%,0.00
www.usfca.edu/arts-sciences/undergraduate-programs/media-studies,20160406,45,36,72.22,13,30.77%,20.00%,0.00
www.usfca.edu/arts-sciences/undergraduate-programs/media-studies,20160405,80,58,32.79,20,25.00%,17.50%,0.00
www.usfca.edu/arts-sciences/undergraduate-programs/media-studies,20160404,78,55,47.36,18,22.22%,14.10%,0.00
www.usfca.edu/arts-sciences/undergraduate-programs/media-studies,20160403,32,28,40.17,10,40.00%,25.00%,0.00
www.usfca.edu/arts-sciences/undergraduate-programs/media-studies,20160402,45,33,39.92,9,55.56%,17.78%,0.00
www.usfca.edu/arts-sciences/undergraduate-programs/media-studies,20160401,43,32,53.45,10,40.00%,27.91%,0.00
www.usfca.edu/arts-sciences/undergraduate-programs/media-studies,20160331,54,45,63.10,19,36.84%,25.93%,0.00
www.usfca.edu/arts-sciences/undergraduate-programs/media-studies,20160330,46,38,73.33,8,50.00%,28.26%,0.00
www.usfca.edu/arts-sciences/undergraduate-programs/media-studies,20160329,54,45,115.57,17,35.29%,22.22%,0.00
www.usfca.edu/arts-sciences/undergraduate-programs/media-studies,20160328,72,55,52.62,13,46.15%,23.61%,0.00
www.usfca.edu/arts-sciences/undergraduate-programs/media-studies,20160327,42,27,66.49,7,14.29%,7.14%,0.00
www.usfca.edu/arts-sciences/undergraduate-programs/media-studies,20160326,41,32,36.93,12,50.00%,26.83%,0.00
www.usfca.edu/arts-sciences/undergraduate-programs/media-studies,20160325,36,30,34.65,6,66.67%,27.78%,0.00
www.usfca.edu/arts-sciences/undergraduate-programs/media-studies,20160324,50,40,49.20,9,55.56%,20.00%,0.00
www.usfca.edu/arts-sciences/undergraduate-programs/media-studies,20160323,62,44,57.72,12,25.00%,19.35%,0.00
www.usfca.edu/arts-sciences/undergraduate-programs/media-studies,20160322,55,44,116.64,10,20.00%,20.00%,0.00
www.usfca.edu/arts-sciences/undergraduate-programs/media-studies,20160321,63,46,61.27,16,37.50%,23.81%,0.00
www.usfca.edu/arts-sciences/undergraduate-programs/media-studies,20160320,36,29,42.20,5,60.00%,16.67%,0.00
www.usfca.edu/arts-sciences/undergraduate-programs/media-studies,20160319,30,28,97.95,6,33.33%,26.67%,0.00
www.usfca.edu/arts-sciences/undergraduate-programs/media-studies,20160318,34,30,62.04,7,57.14%,20.59%,0.00
www.usfca.edu/arts-sciences/undergraduate-programs/media-studies,20160317,30,24,76.45,8,50.00%,33.33%,0.00
www.usfca.edu/arts-sciences/undergraduate-programs/media-studies,20160316,35,28,80.48,10,30.00%,22.86%,0.00
www.usfca.edu/arts-sciences/undergraduate-programs/media-studies,20160315,34,24,38.45,7,14.29%,14.71%,0.00
www.usfca.edu/arts-sciences/undergraduate-programs/media-studies,20160314,42,36,36.83,8,50.00%,30.95%,0.00
www.usfca.edu/arts-sciences/undergraduate-programs/media-studies,20160313,28,20,36.00,7,42.86%,25.00%,0.00
www.usfca.edu/arts-sciences/undergraduate-programs/media-studies,20160312,28,20,34.79,9,44.44%,14.29%,0.00
www.usfca.edu/arts-sciences/undergraduate-programs/media-studies,20160311,26,21,131.09,5,20.00%,11.54%,0.00
www.usfca.edu/arts-sciences/undergraduate-programs/media-studies,20160310,56,41,26.30,11,36.36%,16.07%,0.00
www.usfca.edu/arts-sciences/undergraduate-programs/media-studies,20160309,46,29,112.91,13,46.15%,23.91%,0.00
www.usfca.edu/arts-sciences/undergraduate-programs/media-studies,20160308,46,34,38.18,11,18.18%,17.39%,0.00
www.usfca.edu/arts-sciences/undergraduate-programs/media-studies,20160307,34,27,46.10,12,50.00%,38.24%,0.00
www.usfca.edu/arts-sciences/undergraduate-programs/media-studies,20160306,37,32,60.08,9,55.56%,35.14%,0.00
www.usfca.edu/arts-sciences/undergraduate-programs/media-studies,20160305,23,15,30.47,9,22.22%,26.09%,0.00
www.usfca.edu/arts-sciences/undergraduate-programs/media-studies,20160304,28,20,89.85,9,33.33%,28.57%,0.00
www.usfca.edu/arts-sciences/undergraduate-programs/media-studies,20160303,56,38,74.42,19,42.11%,23.21%,0.00
www.usfca.edu/arts-sciences/undergraduate-programs/media-studies,20160302,60,44,37.68,13,38.46%,26.67%,0.00
www.usfca.edu/arts-sciences/undergraduate-programs/media-studies,20160301,49,33,39.53,9,55.56%,22.45%,0.00
www.usfca.edu/arts-sciences/undergraduate-programs/media-studies,20160229,43,34,60.26,19,31.58%,20.93%,0.00
www.usfca.edu/arts-sciences/undergraduate-programs/media-studies,20160228,40,34,59.07,9,55.56%,27.50%,0.00
www.usfca.edu/arts-sciences/undergraduate-programs/media-studies,20160227,39,31,59.97,4,100.00%,20.51%,0.00
www.usfca.edu/arts-sciences/undergraduate-programs/media-studies,20160226,52,43,85.98,14,50.00%,23.08%,0.00
www.usfca.edu/arts-sciences/undergraduate-programs/media-studies,20160225,34,27,48.35,10,60.00%,32.35%,0.00
www.usfca.edu/arts-sciences/undergraduate-programs/media-studies,20160224,49,40,123.81,15,53.33%,24.49%,0.00
www.usfca.edu/arts-sciences/undergraduate-programs/media-studies,20160223,52,40,84.33,23,43.48%,30.77%,0.00
www.usfca.edu/arts-sciences/undergraduate-programs/media-studies,20160222,47,39,62.78,10,60.00%,31.91%,0.00
www.usfca.edu/arts-sciences/undergraduate-programs/media-studies,20160221,33,27,104.20,11,45.45%,24.24%,0.00
www.usfca.edu/arts-sciences/undergraduate-programs/media-studies,20160220,39,26,44.97,8,62.50%,25.64%,0.00
www.usfca.edu/arts-sciences/undergraduate-programs/media-studies,20160219,35,31,110.93,7,28.57%,20.00%,0.00
www.usfca.edu/arts-sciences/undergraduate-programs/media-studies,20160218,33,27,36.36,13,30.77%,15.15%,0.00
www.usfca.edu/arts-sciences/undergraduate-programs/media-studies,20160217,40,31,33.84,9,55.56%,22.50%,0.00
www.usfca.edu/arts-sciences/undergraduate-programs/media-studies,20160216,30,26,27.73,10,60.00%,26.67%,0.00
www.usfca.edu/arts-sciences/undergraduate-programs/media-studies,20160215,43,37,88.38,18,55.56%,32.56%,0.00
www.usfca.edu/arts-sciences/undergraduate-programs/media-studies,20160214,29,20,40.95,9,33.33%,34.48%,0.00
www.usfca.edu/arts-sciences/undergraduate-programs/media-studies,20160213,18,17,25.71,6,33.33%,22.22%,0.00
www.usfca.edu/arts-sciences/undergraduate-programs/media-studies,20160212,24,21,34.47,5,60.00%,20.83%,0.00
www.usfca.edu/arts-sciences/undergraduate-programs/media-studies,20160211,49,37,93.13,12,16.67%,20.41%,0.00
www.usfca.edu/arts-sciences/undergraduate-programs/media-studies,20160210,38,33,89.83,8,37.50%,21.05%,0.00
www.usfca.edu/arts-sciences/undergraduate-programs/media-studies,20160209,41,35,43.53,14,42.86%,21.95%,0.00
www.usfca.edu/arts-sciences/undergraduate-programs/media-studies,20160208,31,27,23.95,9,88.89%,35.48%,0.00
www.usfca.edu/arts-sciences/undergraduate-programs/media-studies,20160207,36,27,30.89,13,23.08%,22.22%,0.00
www.usfca.edu/arts-sciences/undergraduate-programs/media-studies,20160206,35,25,28.48,8,50.00%,28.57%,0.00
www.usfca.edu/arts-sciences/undergraduate-programs/media-studies,20160205,40,32,135.25,10,40.00%,20.00%,0.00
www.usfca.edu/arts-sciences/undergraduate-programs/media-studies,20160204,41,38,27.38,13,61.54%,29.27%,0.00
www.usfca.edu/arts-sciences/undergraduate-programs/media-studies,20160203,41,36,35.36,16,31.25%,31.71%,0.00
www.usfca.edu/arts-sciences/undergraduate-programs/media-studies,20160202,55,41,59.12,12,41.67%,21.82%,0.00
www.usfca.edu/arts-sciences/undergraduate-programs/media-studies,20160201,67,51,61.53,20,25.00%,11.94%,0.00
www.usfca.edu/arts-sciences/undergraduate-programs/media-studies,20160131,43,36,47.79,15,53.33%,32.56%,0.00
www.usfca.edu/arts-sciences/undergraduate-programs/media-studies,20160130,32,28,79.83,10,60.00%,28.13%,0.00
www.usfca.edu/arts-sciences/undergraduate-programs/media-studies,20160129,45,35,50.25,16,56.25%,28.89%,0.00
www.usfca.edu/arts-sciences/undergraduate-programs/media-studies,20160128,30,19,84.48,3,66.67%,16.67%,0.00
www.usfca.edu/arts-sciences/undergraduate-programs/media-studies,20160127,73,57,97.68,20,50.00%,19.18%,0.00
www.usfca.edu/arts-sciences/undergraduate-programs/media-studies,20160126,59,43,76.83,16,37.50%,20.34%,0.00
www.usfca.edu/arts-sciences/undergraduate-programs/media-studies,20160125,58,42,73.17,12,33.33%,20.69%,0.00
www.usfca.edu/arts-sciences/undergraduate-programs/media-studies,20160124,52,35,77.28,9,33.33%,17.31%,0.00
www.usfca.edu/arts-sciences/undergraduate-programs/media-studies,20160123,26,21,39.37,7,28.57%,26.92%,0.00
www.usfca.edu/arts-sciences/undergraduate-programs/media-studies,20160122,55,42,85.58,11,54.55%,18.18%,0.00
www.usfca.edu/arts-sciences/undergraduate-programs/media-studies,20160121,35,27,39.36,8,37.50%,20.00%,0.00
www.usfca.edu/arts-sciences/undergraduate-programs/media-studies,20160120,46,33,47.53,15,33.33%,21.74%,0.00
www.usfca.edu/arts-sciences/undergraduate-programs/media-studies,20160119,51,43,58.10,9,33.33%,19.61%,0.00
www.usfca.edu/arts-sciences/undergraduate-programs/media-studies,20160118,42,31,33.91,11,36.36%,21.43%,0.00
www.usfca.edu/arts-sciences/undergraduate-programs/media-studies,20160117,39,28,64.19,7,28.57%,17.95%,0.00
www.usfca.edu/arts-sciences/undergraduate-programs/media-studies,20160116,33,25,48.24,10,30.00%,24.24%,0.00
www.usfca.edu/arts-sciences/undergraduate-programs/media-studies,20160115,50,42,99.85,11,45.45%,34.00%,0.00
www.usfca.edu/arts-sciences/undergraduate-programs/media-studies,20160114,51,42,62.98,13,30.77%,19.61%,0.00
www.usfca.edu/arts-sciences/undergraduate-programs/media-studies,20160113,51,36,76.55,8,12.50%,13.73%,0.00
www.usfca.edu/arts-sciences/undergraduate-programs/media-studies,20160112,71,50,67.15,14,50.00%,25.35%,0.00
www.usfca.edu/arts-sciences/undergraduate-programs/media-studies,20160111,40,31,134.16,13,30.77%,22.50%,0.00
www.usfca.edu/arts-sciences/undergraduate-programs/media-studies,20160110,56,42,98.72,11,36.36%,23.21%,0.00
www.usfca.edu/arts-sciences/undergraduate-programs/media-studies,20160109,35,29,28.96,14,50.00%,25.71%,0.00
www.usfca.edu/arts-sciences/undergraduate-programs/media-studies,20160108,25,20,14.88,6,50.00%,36.00%,0.00
www.usfca.edu/arts-sciences/undergraduate-programs/media-studies,20160107,31,24,78.48,4,25.00%,12.90%,0.00
www.usfca.edu/arts-sciences/undergraduate-programs/media-studies,20160106,25,19,78.39,9,44.44%,28.00%,0.00
www.usfca.edu/arts-sciences/undergraduate-programs/media-studies,20160105,57,41,54.17,16,26.67%,17.54%,0.00
www.usfca.edu/arts-sciences/undergraduate-programs/media-studies,20160104,46,37,52.06,11,54.55%,21.74%,0.00
www.usfca.edu/arts-sciences/undergraduate-programs/media-studies,20160103,49,37,45.34,9,44.44%,16.33%,0.00
www.usfca.edu/arts-sciences/undergraduate-programs/media-studies,20160102,29,25,36.76,5,60.00%,27.59%,0.00
www.usfca.edu/arts-sciences/undergraduate-programs/media-studies,20160101,29,27,35.78,12,41.67%,20.69%,0.00
www.usfca.edu/arts-sciences/undergraduate-programs/media-studies,20151231,16,13,79.62,5,0.00%,18.75%,0.00
www.usfca.edu/arts-sciences/undergraduate-programs/media-studies,20151230,40,31,39.72,10,40.00%,20.00%,0.00
www.usfca.edu/arts-sciences/undergraduate-programs/media-studies,20151229,17,17,100.17,5,60.00%,29.41%,0.00
www.usfca.edu/arts-sciences/undergraduate-programs/media-studies,20151228,28,21,54.87,7,42.86%,17.86%,0.00
www.usfca.edu/arts-sciences/undergraduate-programs/media-studies,20151227,30,26,36.15,7,14.29%,10.00%,0.00
www.usfca.edu/arts-sciences/undergraduate-programs/media-studies,20151226,33,22,62.72,5,60.00%,24.24%,0.00
www.usfca.edu/arts-sciences/undergraduate-programs/media-studies,20151225,19,15,141.44,1,0.00%,15.79%,0.00
www.usfca.edu/arts-sciences/undergraduate-programs/media-studies,20151224,20,17,64.14,8,50.00%,30.00%,0.00
www.usfca.edu/arts-sciences/undergraduate-programs/media-studies,20151223,40,32,103.57,10,60.00%,30.00%,0.00
www.usfca.edu/arts-sciences/undergraduate-programs/media-studies,20151222,42,34,71.06,15,33.33%,19.05%,0.00
www.usfca.edu/arts-sciences/undergraduate-programs/media-studies,20151221,22,20,72.06,4,50.00%,22.73%,0.00
www.usfca.edu/arts-sciences/undergraduate-programs/media-studies,20151220,22,18,46.64,8,50.00%,36.36%,0.00
www.usfca.edu/arts-sciences/undergraduate-programs/media-studies,20151219,20,19,74.88,7,28.57%,20.00%,0.00
www.usfca.edu/arts-sciences/undergraduate-programs/media-studies,20151218,42,27,22.40,11,45.45%,28.57%,0.00
www.usfca.edu/arts-sciences/undergraduate-programs/media-studies,20151217,37,28,74.32,11,63.64%,24.32%,0.00
www.usfca.edu/arts-sciences/undergraduate-programs/media-studies,20151216,34,29,28.13,10,50.00%,32.35%,0.00
www.usfca.edu/arts-sciences/undergraduate-programs/media-studies,20151215,35,27,126.91,7,14.29%,8.57%,0.00
www.usfca.edu/arts-sciences/undergraduate-programs/media-studies,20151214,33,27,55.76,10,20.00%,24.24%,0.00
www.usfca.edu/arts-sciences/undergraduate-programs/media-studies,20151213,20,15,22.00,5,20.00%,10.00%,0.00
www.usfca.edu/arts-sciences/undergraduate-programs/media-studies,20151212,10,9,20.00,1,0.00%,10.00%,0.00
www.usfca.edu/arts-sciences/undergraduate-programs/media-studies,20151211,23,18,91.07,7,57.14%,39.13%,0.00
www.usfca.edu/arts-sciences/undergraduate-programs/media-studies,20151210,36,30,59.29,10,50.00%,22.22%,0.00
www.usfca.edu/arts-sciences/undergraduate-programs/media-studies,20151209,39,32,120.06,11,36.36%,17.95%,0.00
www.usfca.edu/arts-sciences/undergraduate-programs/media-studies,20151208,50,34,65.58,10,50.00%,24.00%,0.00
www.usfca.edu/arts-sciences/undergraduate-programs/media-studies,20151207,47,37,91.06,15,40.00%,25.53%,0.00
www.usfca.edu/arts-sciences/undergraduate-programs/media-studies,20151206,40,26,31.23,5,20.00%,12.50%,0.00
www.usfca.edu/arts-sciences/undergraduate-programs/media-studies,20151205,25,21,59.57,5,60.00%,16.00%,0.00
www.usfca.edu/arts-sciences/undergraduate-programs/media-studies,20151204,22,21,26.69,6,50.00%,27.27%,0.00
www.usfca.edu/arts-sciences/undergraduate-programs/media-studies,20151203,39,28,35.39,12,33.33%,28.21%,0.00
www.usfca.edu/arts-sciences/undergraduate-programs/media-studies,20151202,47,35,27.00,9,44.44%,31.91%,0.00
www.usfca.edu/arts-sciences/undergraduate-programs/media-studies,20151201,64,48,28.22,20,30.00%,20.31%,0.00
www.usfca.edu/arts-sciences/undergraduate-programs/media-studies,20151130,57,42,51.37,17,35.29%,24.56%,0.00
www.usfca.edu/arts-sciences/undergraduate-programs/media-studies,20151129,36,32,93.27,8,37.50%,27.78%,0.00
www.usfca.edu/arts-sciences/undergraduate-programs/media-studies,20151128,32,27,31.22,10,40.00%,28.13%,0.00
www.usfca.edu/arts-sciences/undergraduate-programs/media-studies,20151127,25,21,71.45,7,14.29%,20.00%,0.00
www.usfca.edu/arts-sciences/undergraduate-programs/media-studies,20151126,17,16,69.00,7,71.43%,47.06%,0.00
www.usfca.edu/arts-sciences/undergraduate-programs/media-studies,20151125,30,26,43.77,8,25.00%,13.33%,0.00
www.usfca.edu/arts-sciences/undergraduate-programs/media-studies,20151124,43,34,95.47,8,50.00%,25.58%,0.00
www.usfca.edu/arts-sciences/undergraduate-programs/media-studies,20151123,50,38,51.24,13,30.77%,16.00%,0.00
www.usfca.edu/arts-sciences/undergraduate-programs/media-studies,20151122,31,30,99.59,13,61.54%,29.03%,0.00
www.usfca.edu/arts-sciences/undergraduate-programs/media-studies,20151121,23,15,101.32,5,20.00%,17.39%,0.00
www.usfca.edu/arts-sciences/undergraduate-programs/media-studies,20151120,30,24,23.19,12,50.00%,30.00%,0.00
www.usfca.edu/arts-sciences/undergraduate-programs/media-studies,20151119,38,33,74.23,11,36.36%,31.58%,0.00
www.usfca.edu/arts-sciences/undergraduate-programs/media-studies,20151118,66,54,66.35,27,29.63%,22.73%,0.00
www.usfca.edu/arts-sciences/undergraduate-programs/media-studies,20151117,98,73,56.28,27,22.22%,13.27%,0.00
www.usfca.edu/arts-sciences/undergraduate-programs/media-studies,20151116,55,47,55.84,19,15.79%,18.18%,0.00
www.usfca.edu/arts-sciences/undergraduate-programs/media-studies,20151115,50,43,77.92,16,43.75%,22.00%,0.00
www.usfca.edu/arts-sciences/undergraduate-programs/media-studies,20151114,71,46,72.15,12,33.33%,22.54%,0.00
www.usfca.edu/arts-sciences/undergraduate-programs/media-studies,20151113,72,57,38.34,20,40.00%,22.22%,0.00
www.usfca.edu/arts-sciences/undergraduate-programs/media-studies,20151112,53,37,35.40,13,23.08%,18.87%,0.00
www.usfca.edu/arts-sciences/undergraduate-programs/media-studies,20151111,77,63,48.57,23,43.48%,20.78%,0.00
www.usfca.edu/arts-sciences/undergraduate-programs/media-studies,20151110,61,47,50.62,14,21.43%,13.11%,0.00
www.usfca.edu/arts-sciences/undergraduate-programs/media-studies,20151109,64,47,39.72,17,35.29%,15.63%,0.00
www.usfca.edu/arts-sciences/undergraduate-programs/media-studies,20151108,32,30,58.80,8,50.00%,21.88%,0.00
www.usfca.edu/arts-sciences/undergraduate-programs/media-studies,20151107,55,35,68.53,8,25.00%,21.82%,0.00
www.usfca.edu/arts-sciences/undergraduate-programs/media-studies,20151106,49,39,60.57,20,40.00%,28.57%,0.00
www.usfca.edu/arts-sciences/undergraduate-programs/media-studies,20151105,55,44,61.72,11,27.27%,14.55%,0.00
www.usfca.edu/arts-sciences/undergraduate-programs/media-studies,20151104,68,55,34.70,24,20.83%,11.76%,0.00
www.usfca.edu/arts-sciences/undergraduate-programs/media-studies,20151103,63,56,51.44,18,33.33%,23.81%,0.00
www.usfca.edu/arts-sciences/undergraduate-programs/media-studies,20151102,57,46,61.60,13,30.77%,21.05%,0.00
www.usfca.edu/arts-sciences/undergraduate-programs/media-studies,20151101,54,38,52.10,10,60.00%,22.22%,0.00
www.usfca.edu/arts-sciences/undergraduate-programs/media-studies,20151031,17,14,137.08,3,0.00%,29.41%,0.00
www.usfca.edu/arts-sciences/undergraduate-programs/media-studies,20151030,54,43,118.55,14,28.57%,18.52%,0.00
www.usfca.edu/arts-sciences/undergraduate-programs/media-studies,20151029,48,38,38.73,10,30.00%,16.67%,0.00
www.usfca.edu/arts-sciences/undergraduate-programs/media-studies,20151028,55,42,34.55,15,46.67%,20.00%,0.00
www.usfca.edu/arts-sciences/undergraduate-programs/media-studies,20151027,74,62,55.34,18,27.78%,16.22%,0.00
www.usfca.edu/arts-sciences/undergraduate-programs/media-studies,20151026,72,58,54.93,14,50.00%,19.44%,0.00
www.usfca.edu/arts-sciences/undergraduate-programs/media-studies,20151025,50,40,83.95,12,33.33%,16.00%,0.00
www.usfca.edu/arts-sciences/undergraduate-programs/media-studies,20151024,46,32,22.41,12,16.67%,15.22%,0.00
www.usfca.edu/arts-sciences/undergraduate-programs/media-studies,20151023,62,47,64.14,14,35.71%,17.74%,0.00
www.usfca.edu/arts-sciences/undergraduate-programs/media-studies,20151022,58,46,33.16,11,36.36%,13.79%,0.00
www.usfca.edu/arts-sciences/undergraduate-programs/media-studies,20151021,61,51,55.41,19,15.79%,11.48%,0.00
www.usfca.edu/arts-sciences/undergraduate-programs/media-studies,20151020,71,49,120.45,16,43.75%,22.54%,0.00
www.usfca.edu/arts-sciences/undergraduate-programs/media-studies,20151019,67,47,83.65,14,35.71%,22.39%,0.00
www.usfca.edu/arts-sciences/undergraduate-programs/media-studies,20151018,54,39,40.38,15,13.33%,16.67%,0.00
www.usfca.edu/arts-sciences/undergraduate-programs/media-studies,20151017,33,28,44.00,4,50.00%,15.15%,0.00
www.usfca.edu/arts-sciences/undergraduate-programs/media-studies,20151016,45,39,28.37,9,55.56%,22.22%,0.00
www.usfca.edu/arts-sciences/undergraduate-programs/media-studies,20151015,59,45,73.37,10,20.00%,27.12%,0.00
www.usfca.edu/arts-sciences/undergraduate-programs/media-studies,20151014,62,50,73.07,22,45.45%,25.81%,0.00
www.usfca.edu/arts-sciences/undergraduate-programs/media-studies,20151013,64,47,55.33,18,38.89%,20.31%,0.00
www.usfca.edu/arts-sciences/undergraduate-programs/media-studies,20151012,58,49,143.61,11,18.18%,20.69%,0.00
www.usfca.edu/arts-sciences/undergraduate-programs/media-studies,20151011,53,39,59.29,9,44.44%,28.30%,0.00
www.usfca.edu/arts-sciences/undergraduate-programs/media-studies,20151010,35,27,58.09,8,37.50%,37.14%,0.00
www.usfca.edu/arts-sciences/undergraduate-programs/media-studies,20151009,59,40,23.92,11,45.45%,16.95%,0.00
www.usfca.edu/arts-sciences/undergraduate-programs/media-studies,20151008,49,39,44.76,12,33.33%,30.61%,0.00
www.usfca.edu/arts-sciences/undergraduate-programs/media-studies,20151007,65,51,60.98,13,0.00%,24.62%,0.00
www.usfca.edu/arts-sciences/undergraduate-programs/media-studies,20151006,49,39,28.15,15,0.00%,30.61%,0.00
www.usfca.edu/arts-sciences/undergraduate-programs/media-studies,20151005,41,38,46.97,15,0.00%,24.39%,0.00
www.usfca.edu/arts-sciences/undergraduate-programs/media-studies,20151004,50,39,39.03,8,0.00%,36.00%,0.00
www.usfca.edu/arts-sciences/undergraduate-programs/media-studies,20151003,28,22,24.38,6,0.00%,25.00%,0.00
www.usfca.edu/arts-sciences/undergraduate-programs/media-studies,20151002,53,42,60.22,10,0.00%,30.19%,0.00
www.usfca.edu/arts-sciences/undergraduate-programs/media-studies,20151001,55,45,79.61,14,0.00%,20.00%,0.00
www.usfca.edu/arts-sciences/undergraduate-programs/media-studies,20150930,70,55,74.56,13,0.00%,28.57%,0.00
www.usfca.edu/arts-sciences/undergraduate-programs/media-studies,20150929,54,42,122.87,7,0.00%,12.96%,0.00
,,32157,24916,59.72,8286,38.90%,22.61%,0.00
